
INSERT INTO AREAS (area) VALUES ('NORTH');
INSERT INTO AREAS (area) VALUES ('SOUTH');
INSERT INTO AREAS (area) VALUES ('EAST');
INSERT INTO AREAS (area) VALUES ('WEST');
INSERT INTO AREAS (area) VALUES ('CENTRAL');


INSERT INTO Base_Salary (base_salary) VALUES (2000);
INSERT INTO Base_Salary (base_salary) VALUES (200);




INSERT INTO Accounts (username,password) VALUES ('customer1','password');
INSERT INTO Accounts (username,password) VALUES ('customer2','password');
INSERT INTO Accounts (username,password) VALUES ('customer3','password');
INSERT INTO Accounts (username,password) VALUES ('customer4','password');
INSERT INTO Accounts (username,password) VALUES ('customer5','password');
INSERT INTO Accounts (username,password) VALUES ('customer6','password');
INSERT INTO Accounts (username,password) VALUES ('customer7','password');
INSERT INTO Accounts (username,password) VALUES ('customer8','password');
INSERT INTO Accounts (username,password) VALUES ('customer9','password');
INSERT INTO Accounts (username,password) VALUES ('customer10','password');
INSERT INTO Accounts (username,password) VALUES ('customer11','password');
INSERT INTO Accounts (username,password) VALUES ('customer12','password');
INSERT INTO Accounts (username,password) VALUES ('customer13','password');
INSERT INTO Accounts (username,password) VALUES ('customer14','password');
INSERT INTO Accounts (username,password) VALUES ('customer15','password');
INSERT INTO Accounts (username,password) VALUES ('customer16','password');
INSERT INTO Accounts (username,password) VALUES ('customer17','password');
INSERT INTO Accounts (username,password) VALUES ('customer18','password');
INSERT INTO Accounts (username,password) VALUES ('customer19','password');
INSERT INTO Accounts (username,password) VALUES ('customer20','password');



INSERT INTO Accounts (username,password) VALUES ('rider1','password');
INSERT INTO Accounts (username,password) VALUES ('rider2','password');
INSERT INTO Accounts (username,password) VALUES ('rider3','password');
INSERT INTO Accounts (username,password) VALUES ('rider4','password');
INSERT INTO Accounts (username,password) VALUES ('rider5','password');
INSERT INTO Accounts (username,password) VALUES ('rider6','password');
INSERT INTO Accounts (username,password) VALUES ('rider7','password');
INSERT INTO Accounts (username,password) VALUES ('rider8','password');
INSERT INTO Accounts (username,password) VALUES ('rider9','password');
INSERT INTO Accounts (username,password) VALUES ('rider10','password');
INSERT INTO Accounts (username,password) VALUES ('rider11','password');
INSERT INTO Accounts (username,password) VALUES ('rider12','password');
INSERT INTO Accounts (username,password) VALUES ('rider13','password');
INSERT INTO Accounts (username,password) VALUES ('rider14','password');
INSERT INTO Accounts (username,password) VALUES ('rider15','password');
INSERT INTO Accounts (username,password) VALUES ('rider16','password');
INSERT INTO Accounts (username,password) VALUES ('rider17','password');
INSERT INTO Accounts (username,password) VALUES ('rider18','password');
INSERT INTO Accounts (username,password) VALUES ('rider19','password');
INSERT INTO Accounts (username,password) VALUES ('rider20','password');




INSERT INTO Accounts (username,password) VALUES ('staff1','password');
INSERT INTO Accounts (username,password) VALUES ('staff2','password');
INSERT INTO Accounts (username,password) VALUES ('staff3','password');
INSERT INTO Accounts (username,password) VALUES ('staff4','password');
INSERT INTO Accounts (username,password) VALUES ('staff5','password');
INSERT INTO Accounts (username,password) VALUES ('staff6','password');
INSERT INTO Accounts (username,password) VALUES ('staff7','password');
INSERT INTO Accounts (username,password) VALUES ('staff8','password');
INSERT INTO Accounts (username,password) VALUES ('staff9','password');
INSERT INTO Accounts (username,password) VALUES ('staff10','password');
INSERT INTO Accounts (username,password) VALUES ('staff11','password');
INSERT INTO Accounts (username,password) VALUES ('staff12','password');
INSERT INTO Accounts (username,password) VALUES ('staff13','password');
INSERT INTO Accounts (username,password) VALUES ('staff14','password');
INSERT INTO Accounts (username,password) VALUES ('staff15','password');
INSERT INTO Accounts (username,password) VALUES ('staff16','password');
INSERT INTO Accounts (username,password) VALUES ('staff17','password');
INSERT INTO Accounts (username,password) VALUES ('staff18','password');
INSERT INTO Accounts (username,password) VALUES ('staff19','password');
INSERT INTO Accounts (username,password) VALUES ('staff20','password');






INSERT INTO Riders (rider_id,rname,rider_type,base_salary,username) VALUES (1,'Kelly','FT',2000,'rider1');
INSERT INTO Riders (rider_id,rname,rider_type,base_salary,username) VALUES (2,'Ho','FT',2000,'rider2');
INSERT INTO Riders (rider_id,rname,rider_type,base_salary,username) VALUES (3,'Wei','FT',2000,'rider3');
INSERT INTO Riders (rider_id,rname,rider_type,base_salary,username) VALUES (4,'Mitchie','FT',2000,'rider4');
INSERT INTO Riders (rider_id,rname,rider_type,base_salary,username) VALUES (5,'Karl','FT',2000,'rider5');
INSERT INTO Riders (rider_id,rname,rider_type,base_salary,username) VALUES (6,'Rissa','FT',2000,'rider6');
INSERT INTO Riders (rider_id,rname,rider_type,base_salary,username) VALUES (7,'Zac','FT',2000,'rider7');
INSERT INTO Riders (rider_id,rname,rider_type,base_salary,username) VALUES (8,'Charmaine','FT',2000,'rider8');
INSERT INTO Riders (rider_id,rname,rider_type,base_salary,username) VALUES (9,'Tuti','FT',2000,'rider9');
INSERT INTO Riders (rider_id,rname,rider_type,base_salary,username) VALUES (10,'Iris','FT',2000,'rider10');
INSERT INTO Riders (rider_id,rname,rider_type,base_salary,username) VALUES (11,'Gen','PT',200,'rider11');
INSERT INTO Riders (rider_id,rname,rider_type,base_salary,username) VALUES (12,'Robin','PT',200,'rider12');
INSERT INTO Riders (rider_id,rname,rider_type,base_salary,username) VALUES (13,'Aqmal','PT',200,'rider13');
INSERT INTO Riders (rider_id,rname,rider_type,base_salary,username) VALUES (14,'Chloe','PT',200,'rider14');
INSERT INTO Riders (rider_id,rname,rider_type,base_salary,username) VALUES (15,'Felicia','PT',200,'rider15');
INSERT INTO Riders (rider_id,rname,rider_type,base_salary,username) VALUES (16,'Gasper','PT',200,'rider16');
INSERT INTO Riders (rider_id,rname,rider_type,base_salary,username) VALUES (17,'Isaac','PT',200,'rider17');
INSERT INTO Riders (rider_id,rname,rider_type,base_salary,username) VALUES (18,'Marcus','PT',200,'rider18');
INSERT INTO Riders (rider_id,rname,rider_type,base_salary,username) VALUES (19,'Alexis','PT',200,'rider19');
INSERT INTO Riders (rider_id,rname,rider_type,base_salary,username) VALUES (20,'Fuzz','PT',200,'rider20');



INSERT INTO Customers (cid , cname, credit_card_number, join_date, username) VALUES (1,'Xiang','2080 7117 4551 2585','21/01/2020','customer1');
INSERT INTO Customers (cid , cname, credit_card_number, join_date, username) VALUES (2,'Adam','6738 6661 7462 7381','10/01/2020','customer2');
INSERT INTO Customers (cid , cname, credit_card_number, join_date, username) VALUES (3,'Ken','7145 3019 9696 3177','14/01/2020','customer3');
INSERT INTO Customers (cid , cname, credit_card_number, join_date, username) VALUES (4,'Ora','2033 2912 9703 7799','09/02/2020','customer4');
INSERT INTO Customers (cid , cname, credit_card_number, join_date, username) VALUES (5,'Jolly','4574 3601 3886 7143','16/01/2020','customer5');
INSERT INTO Customers (cid , cname, credit_card_number, join_date, username) VALUES (6,'Fuzz','7278 7131 8640 7715','20/02/2020','customer6');
INSERT INTO Customers (cid , cname, credit_card_number, join_date, username) VALUES (7,'Aidan','1428 8739 5889 6328','10/01/2020','customer7');
INSERT INTO Customers (cid , cname, credit_card_number, join_date, username) VALUES (8,'Sophie','6124 8315 8215 8183','04/01/2020','customer8');
INSERT INTO Customers (cid , cname, credit_card_number, join_date, username) VALUES (9,'Michaela','8935 7471 8911 6411','30/01/2020','customer9');
INSERT INTO Customers (cid , cname, credit_card_number, join_date, username) VALUES (10,'Hussen','7718 1028 3227 6576','01/01/2020','customer10');
INSERT INTO Customers (cid , cname, credit_card_number, join_date, username) VALUES (11,'Annabelle','1506 8205 1824 2415','12/01/2020','customer11');
INSERT INTO Customers (cid , cname, credit_card_number, join_date, username) VALUES (12,'Alex','7947 2167 9724 1583','15/02/2020','customer12');
INSERT INTO Customers (cid , cname, credit_card_number, join_date, username) VALUES (13,'Jackson','2971 4997 3977 8416','07/02/2020','customer13');
INSERT INTO Customers (cid , cname, credit_card_number, join_date, username) VALUES (14,'Vicky','1072 3046 7316 1334','24/02/2020','customer14');
INSERT INTO Customers (cid , cname, credit_card_number, join_date, username) VALUES (15,'Chen','6077 1009 6380 4914','19/01/2020','customer15');
INSERT INTO Customers (cid , cname, credit_card_number, join_date, username) VALUES (16,'Xiang','5601 4192 2211 3136','24/01/2020','customer16');
INSERT INTO Customers (cid , cname, credit_card_number, join_date, username) VALUES (17,'Jing Yi','4496 1497 6783 2190','10/01/2020','customer17');
INSERT INTO Customers (cid , cname, credit_card_number, join_date, username) VALUES (18,'Derrik','3671 5407 2358 8553','23/01/2020','customer18');
INSERT INTO Customers (cid , cname, credit_card_number, join_date, username) VALUES (19,'Damien','9270 5288 1168 9899','27/01/2020','customer19');
INSERT INTO Customers (cid , cname, credit_card_number, join_date, username) VALUES (20,'Hasanah','4980 9603 7236 8521','07/02/2020','customer20');




INSERT INTO Restaurants (rid,rname,address,area,minAmt) VALUES (1,'Restaurant1','address1','WEST',20);
INSERT INTO Restaurants (rid,rname,address,area,minAmt) VALUES (2,'Restaurant2','address2','SOUTH',20);
INSERT INTO Restaurants (rid,rname,address,area,minAmt) VALUES (3,'Restaurant3','address3','NORTH',15);
INSERT INTO Restaurants (rid,rname,address,area,minAmt) VALUES (4,'Restaurant4','address4','WEST',20);
INSERT INTO Restaurants (rid,rname,address,area,minAmt) VALUES (5,'Restaurant5','address5','CENTRAL',15);
INSERT INTO Restaurants (rid,rname,address,area,minAmt) VALUES (6,'Restaurant6','address6','SOUTH',20);
INSERT INTO Restaurants (rid,rname,address,area,minAmt) VALUES (7,'Restaurant7','address7','WEST',15);
INSERT INTO Restaurants (rid,rname,address,area,minAmt) VALUES (8,'Restaurant8','address8','WEST',15);
INSERT INTO Restaurants (rid,rname,address,area,minAmt) VALUES (9,'Restaurant9','address9','EAST',20);
INSERT INTO Restaurants (rid,rname,address,area,minAmt) VALUES (10,'Restaurant10','address10','SOUTH',15);


INSERT INTO Staff (staff_id,sname,rid,username) VALUES (1,'Isaac',1,'staff1');
INSERT INTO Staff (staff_id,sname,rid,username) VALUES (2,'Rissa',2,'staff2');
INSERT INTO Staff (staff_id,sname,rid,username) VALUES (3,'Mitchie',3,'staff3');
INSERT INTO Staff (staff_id,sname,rid,username) VALUES (4,'Desmond',4,'staff4');
INSERT INTO Staff (staff_id,sname,rid,username) VALUES (5,'Chloe',5,'staff5');
INSERT INTO Staff (staff_id,sname,rid,username) VALUES (6,'Ryan',6,'staff6');
INSERT INTO Staff (staff_id,sname,rid,username) VALUES (7,'Gasper',7,'staff7');
INSERT INTO Staff (staff_id,sname,rid,username) VALUES (8,'Alessia',8,'staff8');
INSERT INTO Staff (staff_id,sname,rid,username) VALUES (9,'Veatrice',9,'staff9');
INSERT INTO Staff (staff_id,sname,rid,username) VALUES (10,'Wveyy',10,'staff10');
INSERT INTO Staff (staff_id,sname,rid,username) VALUES (11,'Ker Jin',1,'staff11');
INSERT INTO Staff (staff_id,sname,rid,username) VALUES (12,'Kelly',2,'staff12');
INSERT INTO Staff (staff_id,sname,rid,username) VALUES (13,'Tyris',3,'staff13');
INSERT INTO Staff (staff_id,sname,rid,username) VALUES (14,'Calven',4,'staff14');
INSERT INTO Staff (staff_id,sname,rid,username) VALUES (15,'Jason',5,'staff15');
INSERT INTO Staff (staff_id,sname,rid,username) VALUES (16,'Varun',6,'staff16');
INSERT INTO Staff (staff_id,sname,rid,username) VALUES (17,'Regina',7,'staff17');
INSERT INTO Staff (staff_id,sname,rid,username) VALUES (18,'Benjamin',8,'staff18');
INSERT INTO Staff (staff_id,sname,rid,username) VALUES (19,'Alexis',9,'staff19');
INSERT INTO Staff (staff_id,sname,rid,username) VALUES (20,'Peisen',10,'staff20');



INSERT INTO Food (fid,rid,fname,price,daily_limit,category) VALUES (1,1,'food 1',7,100,'Italian');
INSERT INTO Food (fid,rid,fname,price,daily_limit,category) VALUES (2,5,'food 2',12,100,'Fast Food');
INSERT INTO Food (fid,rid,fname,price,daily_limit,category) VALUES (3,9,'food 3',7,100,'Chinese');
INSERT INTO Food (fid,rid,fname,price,daily_limit,category) VALUES (4,5,'food 4',14,100,'Breakfast');
INSERT INTO Food (fid,rid,fname,price,daily_limit,category) VALUES (5,8,'food 5',15,100,'Western');
INSERT INTO Food (fid,rid,fname,price,daily_limit,category) VALUES (6,1,'food 6',11,100,'Desserts');
INSERT INTO Food (fid,rid,fname,price,daily_limit,category) VALUES (7,6,'food 7',10,100,'Vegetarian');
INSERT INTO Food (fid,rid,fname,price,daily_limit,category) VALUES (8,5,'food 8',3,100,'Italian');
INSERT INTO Food (fid,rid,fname,price,daily_limit,category) VALUES (9,7,'food 9',11,100,'Fast Food');
INSERT INTO Food (fid,rid,fname,price,daily_limit,category) VALUES (10,6,'food 10',3,100,'Vegetarian');
INSERT INTO Food (fid,rid,fname,price,daily_limit,category) VALUES (11,7,'food 11',2,100,'Breakfast');
INSERT INTO Food (fid,rid,fname,price,daily_limit,category) VALUES (12,7,'food 12',6,100,'Breakfast');
INSERT INTO Food (fid,rid,fname,price,daily_limit,category) VALUES (13,3,'food 13',11,100,'Western');
INSERT INTO Food (fid,rid,fname,price,daily_limit,category) VALUES (14,9,'food 14',9,100,'Local');
INSERT INTO Food (fid,rid,fname,price,daily_limit,category) VALUES (15,6,'food 15',9,100,'Western');
INSERT INTO Food (fid,rid,fname,price,daily_limit,category) VALUES (16,6,'food 16',13,100,'Desserts');
INSERT INTO Food (fid,rid,fname,price,daily_limit,category) VALUES (17,2,'food 17',11,100,'Western');
INSERT INTO Food (fid,rid,fname,price,daily_limit,category) VALUES (18,7,'food 18',3,100,'Italian');
INSERT INTO Food (fid,rid,fname,price,daily_limit,category) VALUES (19,2,'food 19',2,100,'Desserts');
INSERT INTO Food (fid,rid,fname,price,daily_limit,category) VALUES (20,1,'food 20',2,100,'Chinese');
INSERT INTO Food (fid,rid,fname,price,daily_limit,category) VALUES (21,8,'food 21',11,100,'Italian');
INSERT INTO Food (fid,rid,fname,price,daily_limit,category) VALUES (22,9,'food 22',13,100,'Local');
INSERT INTO Food (fid,rid,fname,price,daily_limit,category) VALUES (23,2,'food 23',12,100,'Western');
INSERT INTO Food (fid,rid,fname,price,daily_limit,category) VALUES (24,4,'food 24',12,100,'Beverage');
INSERT INTO Food (fid,rid,fname,price,daily_limit,category) VALUES (25,2,'food 25',6,100,'Desserts');
INSERT INTO Food (fid,rid,fname,price,daily_limit,category) VALUES (26,3,'food 26',3,100,'Local');
INSERT INTO Food (fid,rid,fname,price,daily_limit,category) VALUES (27,10,'food 27',10,100,'Japanese');
INSERT INTO Food (fid,rid,fname,price,daily_limit,category) VALUES (28,1,'food 28',3,100,'Desserts');
INSERT INTO Food (fid,rid,fname,price,daily_limit,category) VALUES (29,7,'food 29',12,100,'Desserts');
INSERT INTO Food (fid,rid,fname,price,daily_limit,category) VALUES (30,5,'food 30',4,100,'Fast Food');
INSERT INTO Food (fid,rid,fname,price,daily_limit,category) VALUES (31,10,'food 31',7,100,'Italian');
INSERT INTO Food (fid,rid,fname,price,daily_limit,category) VALUES (32,5,'food 32',12,100,'Western');
INSERT INTO Food (fid,rid,fname,price,daily_limit,category) VALUES (33,2,'food 33',15,100,'Italian');
INSERT INTO Food (fid,rid,fname,price,daily_limit,category) VALUES (34,3,'food 34',13,100,'Beverage');
INSERT INTO Food (fid,rid,fname,price,daily_limit,category) VALUES (35,3,'food 35',2,100,'Vegetarian');
INSERT INTO Food (fid,rid,fname,price,daily_limit,category) VALUES (36,10,'food 36',11,100,'Local');
INSERT INTO Food (fid,rid,fname,price,daily_limit,category) VALUES (37,8,'food 37',7,100,'Asian');
INSERT INTO Food (fid,rid,fname,price,daily_limit,category) VALUES (38,3,'food 38',4,100,'Local');
INSERT INTO Food (fid,rid,fname,price,daily_limit,category) VALUES (39,3,'food 39',5,100,'Western');
INSERT INTO Food (fid,rid,fname,price,daily_limit,category) VALUES (40,7,'food 40',11,100,'Japanese');
INSERT INTO Food (fid,rid,fname,price,daily_limit,category) VALUES (41,5,'food 41',7,100,'Italian');
INSERT INTO Food (fid,rid,fname,price,daily_limit,category) VALUES (42,2,'food 42',12,100,'Breakfast');
INSERT INTO Food (fid,rid,fname,price,daily_limit,category) VALUES (43,3,'food 43',9,100,'Breakfast');
INSERT INTO Food (fid,rid,fname,price,daily_limit,category) VALUES (44,7,'food 44',9,100,'Breakfast');
INSERT INTO Food (fid,rid,fname,price,daily_limit,category) VALUES (45,6,'food 45',6,100,'Japanese');
INSERT INTO Food (fid,rid,fname,price,daily_limit,category) VALUES (46,10,'food 46',15,100,'Japanese');
INSERT INTO Food (fid,rid,fname,price,daily_limit,category) VALUES (47,3,'food 47',9,100,'Fast Food');
INSERT INTO Food (fid,rid,fname,price,daily_limit,category) VALUES (48,3,'food 48',12,100,'Chinese');
INSERT INTO Food (fid,rid,fname,price,daily_limit,category) VALUES (49,3,'food 49',9,100,'Local');
INSERT INTO Food (fid,rid,fname,price,daily_limit,category) VALUES (50,2,'food 50',5,100,'Asian');
INSERT INTO Food (fid,rid,fname,price,daily_limit,category) VALUES (51,1,'food 51',9,100,'Chinese');
INSERT INTO Food (fid,rid,fname,price,daily_limit,category) VALUES (52,5,'food 52',14,100,'Breakfast');
INSERT INTO Food (fid,rid,fname,price,daily_limit,category) VALUES (53,10,'food 53',6,100,'Western');
INSERT INTO Food (fid,rid,fname,price,daily_limit,category) VALUES (54,1,'food 54',9,100,'Japanese');
INSERT INTO Food (fid,rid,fname,price,daily_limit,category) VALUES (55,8,'food 55',12,100,'Vegetarian');
INSERT INTO Food (fid,rid,fname,price,daily_limit,category) VALUES (56,7,'food 56',2,100,'Western');
INSERT INTO Food (fid,rid,fname,price,daily_limit,category) VALUES (57,9,'food 57',8,100,'Japanese');
INSERT INTO Food (fid,rid,fname,price,daily_limit,category) VALUES (58,7,'food 58',11,100,'Japanese');
INSERT INTO Food (fid,rid,fname,price,daily_limit,category) VALUES (59,1,'food 59',2,100,'Beverage');
INSERT INTO Food (fid,rid,fname,price,daily_limit,category) VALUES (60,8,'food 60',14,100,'Western');
INSERT INTO Food (fid,rid,fname,price,daily_limit,category) VALUES (61,7,'food 61',13,100,'Vegetarian');
INSERT INTO Food (fid,rid,fname,price,daily_limit,category) VALUES (62,4,'food 62',2,100,'Breakfast');
INSERT INTO Food (fid,rid,fname,price,daily_limit,category) VALUES (63,6,'food 63',9,100,'Vegetarian');
INSERT INTO Food (fid,rid,fname,price,daily_limit,category) VALUES (64,10,'food 64',6,100,'Local');
INSERT INTO Food (fid,rid,fname,price,daily_limit,category) VALUES (65,9,'food 65',9,100,'Local');
INSERT INTO Food (fid,rid,fname,price,daily_limit,category) VALUES (66,7,'food 66',12,100,'Western');
INSERT INTO Food (fid,rid,fname,price,daily_limit,category) VALUES (67,3,'food 67',2,100,'Chinese');
INSERT INTO Food (fid,rid,fname,price,daily_limit,category) VALUES (68,10,'food 68',9,100,'Western');
INSERT INTO Food (fid,rid,fname,price,daily_limit,category) VALUES (69,2,'food 69',11,100,'Italian');
INSERT INTO Food (fid,rid,fname,price,daily_limit,category) VALUES (70,6,'food 70',12,100,'Western');
INSERT INTO Food (fid,rid,fname,price,daily_limit,category) VALUES (71,8,'food 71',5,100,'Fast Food');
INSERT INTO Food (fid,rid,fname,price,daily_limit,category) VALUES (72,3,'food 72',11,100,'Western');
INSERT INTO Food (fid,rid,fname,price,daily_limit,category) VALUES (73,5,'food 73',8,100,'Asian');
INSERT INTO Food (fid,rid,fname,price,daily_limit,category) VALUES (74,2,'food 74',9,100,'Vegetarian');
INSERT INTO Food (fid,rid,fname,price,daily_limit,category) VALUES (75,7,'food 75',13,100,'Breakfast');
INSERT INTO Food (fid,rid,fname,price,daily_limit,category) VALUES (76,2,'food 76',12,100,'Breakfast');
INSERT INTO Food (fid,rid,fname,price,daily_limit,category) VALUES (77,3,'food 77',3,100,'Japanese');
INSERT INTO Food (fid,rid,fname,price,daily_limit,category) VALUES (78,10,'food 78',5,100,'Fast Food');
INSERT INTO Food (fid,rid,fname,price,daily_limit,category) VALUES (79,7,'food 79',8,100,'Vegetarian');
INSERT INTO Food (fid,rid,fname,price,daily_limit,category) VALUES (80,9,'food 80',12,100,'Vegetarian');
INSERT INTO Food (fid,rid,fname,price,daily_limit,category) VALUES (81,8,'food 81',12,100,'Japanese');
INSERT INTO Food (fid,rid,fname,price,daily_limit,category) VALUES (82,7,'food 82',13,100,'Asian');
INSERT INTO Food (fid,rid,fname,price,daily_limit,category) VALUES (83,7,'food 83',10,100,'Breakfast');
INSERT INTO Food (fid,rid,fname,price,daily_limit,category) VALUES (84,9,'food 84',11,100,'Breakfast');
INSERT INTO Food (fid,rid,fname,price,daily_limit,category) VALUES (85,5,'food 85',14,100,'Western');
INSERT INTO Food (fid,rid,fname,price,daily_limit,category) VALUES (86,2,'food 86',5,100,'Fast Food');
INSERT INTO Food (fid,rid,fname,price,daily_limit,category) VALUES (87,7,'food 87',4,100,'Beverage');
INSERT INTO Food (fid,rid,fname,price,daily_limit,category) VALUES (88,8,'food 88',12,100,'Asian');
INSERT INTO Food (fid,rid,fname,price,daily_limit,category) VALUES (89,7,'food 89',7,100,'Western');
INSERT INTO Food (fid,rid,fname,price,daily_limit,category) VALUES (90,9,'food 90',5,100,'Asian');
INSERT INTO Food (fid,rid,fname,price,daily_limit,category) VALUES (91,10,'food 91',14,100,'Breakfast');
INSERT INTO Food (fid,rid,fname,price,daily_limit,category) VALUES (92,3,'food 92',14,100,'Desserts');
INSERT INTO Food (fid,rid,fname,price,daily_limit,category) VALUES (93,1,'food 93',11,100,'Asian');
INSERT INTO Food (fid,rid,fname,price,daily_limit,category) VALUES (94,1,'food 94',11,100,'Beverage');
INSERT INTO Food (fid,rid,fname,price,daily_limit,category) VALUES (95,8,'food 95',5,100,'Fast Food');
INSERT INTO Food (fid,rid,fname,price,daily_limit,category) VALUES (96,1,'food 96',12,100,'Breakfast');
INSERT INTO Food (fid,rid,fname,price,daily_limit,category) VALUES (97,3,'food 97',15,100,'Chinese');
INSERT INTO Food (fid,rid,fname,price,daily_limit,category) VALUES (98,1,'food 98',5,100,'Breakfast');
INSERT INTO Food (fid,rid,fname,price,daily_limit,category) VALUES (99,1,'food 99',5,100,'Fast Food');
INSERT INTO Food (fid,rid,fname,price,daily_limit,category) VALUES (100,7,'food 100',10,100,'Beverage');
INSERT INTO Food (fid,rid,fname,price,daily_limit,category) VALUES (101,3,'food 101',3,100,'Local');
INSERT INTO Food (fid,rid,fname,price,daily_limit,category) VALUES (102,1,'food 102',2,100,'Japanese');
INSERT INTO Food (fid,rid,fname,price,daily_limit,category) VALUES (103,9,'food 103',9,100,'Fast Food');
INSERT INTO Food (fid,rid,fname,price,daily_limit,category) VALUES (104,9,'food 104',2,100,'Fast Food');
INSERT INTO Food (fid,rid,fname,price,daily_limit,category) VALUES (105,9,'food 105',8,100,'Italian');
INSERT INTO Food (fid,rid,fname,price,daily_limit,category) VALUES (106,1,'food 106',6,100,'Breakfast');
INSERT INTO Food (fid,rid,fname,price,daily_limit,category) VALUES (107,10,'food 107',12,100,'Vegetarian');
INSERT INTO Food (fid,rid,fname,price,daily_limit,category) VALUES (108,1,'food 108',8,100,'Desserts');
INSERT INTO Food (fid,rid,fname,price,daily_limit,category) VALUES (109,1,'food 109',2,100,'Vegetarian');
INSERT INTO Food (fid,rid,fname,price,daily_limit,category) VALUES (110,7,'food 110',11,100,'Desserts');
INSERT INTO Food (fid,rid,fname,price,daily_limit,category) VALUES (111,3,'food 111',15,100,'Asian');
INSERT INTO Food (fid,rid,fname,price,daily_limit,category) VALUES (112,3,'food 112',4,100,'Fast Food');
INSERT INTO Food (fid,rid,fname,price,daily_limit,category) VALUES (113,4,'food 113',8,100,'Fast Food');
INSERT INTO Food (fid,rid,fname,price,daily_limit,category) VALUES (114,10,'food 114',6,100,'Japanese');
INSERT INTO Food (fid,rid,fname,price,daily_limit,category) VALUES (115,7,'food 115',2,100,'Asian');
INSERT INTO Food (fid,rid,fname,price,daily_limit,category) VALUES (116,1,'food 116',4,100,'Italian');
INSERT INTO Food (fid,rid,fname,price,daily_limit,category) VALUES (117,6,'food 117',7,100,'Local');
INSERT INTO Food (fid,rid,fname,price,daily_limit,category) VALUES (118,9,'food 118',9,100,'Breakfast');
INSERT INTO Food (fid,rid,fname,price,daily_limit,category) VALUES (119,3,'food 119',12,100,'Vegetarian');
INSERT INTO Food (fid,rid,fname,price,daily_limit,category) VALUES (120,7,'food 120',9,100,'Japanese');
INSERT INTO Food (fid,rid,fname,price,daily_limit,category) VALUES (121,10,'food 121',15,100,'Western');
INSERT INTO Food (fid,rid,fname,price,daily_limit,category) VALUES (122,8,'food 122',10,100,'Asian');
INSERT INTO Food (fid,rid,fname,price,daily_limit,category) VALUES (123,6,'food 123',9,100,'Local');
INSERT INTO Food (fid,rid,fname,price,daily_limit,category) VALUES (124,6,'food 124',3,100,'Western');
INSERT INTO Food (fid,rid,fname,price,daily_limit,category) VALUES (125,6,'food 125',7,100,'Fast Food');
INSERT INTO Food (fid,rid,fname,price,daily_limit,category) VALUES (126,3,'food 126',2,100,'Breakfast');
INSERT INTO Food (fid,rid,fname,price,daily_limit,category) VALUES (127,9,'food 127',12,100,'Japanese');
INSERT INTO Food (fid,rid,fname,price,daily_limit,category) VALUES (128,2,'food 128',14,100,'Asian');
INSERT INTO Food (fid,rid,fname,price,daily_limit,category) VALUES (129,9,'food 129',4,100,'Desserts');
INSERT INTO Food (fid,rid,fname,price,daily_limit,category) VALUES (130,7,'food 130',5,100,'Beverage');
INSERT INTO Food (fid,rid,fname,price,daily_limit,category) VALUES (131,9,'food 131',7,100,'Italian');
INSERT INTO Food (fid,rid,fname,price,daily_limit,category) VALUES (132,9,'food 132',4,100,'Vegetarian');
INSERT INTO Food (fid,rid,fname,price,daily_limit,category) VALUES (133,1,'food 133',2,100,'Beverage');
INSERT INTO Food (fid,rid,fname,price,daily_limit,category) VALUES (134,2,'food 134',14,100,'Vegetarian');
INSERT INTO Food (fid,rid,fname,price,daily_limit,category) VALUES (135,7,'food 135',2,100,'Italian');
INSERT INTO Food (fid,rid,fname,price,daily_limit,category) VALUES (136,10,'food 136',8,100,'Beverage');
INSERT INTO Food (fid,rid,fname,price,daily_limit,category) VALUES (137,7,'food 137',7,100,'Western');
INSERT INTO Food (fid,rid,fname,price,daily_limit,category) VALUES (138,9,'food 138',3,100,'Local');
INSERT INTO Food (fid,rid,fname,price,daily_limit,category) VALUES (139,1,'food 139',10,100,'Japanese');
INSERT INTO Food (fid,rid,fname,price,daily_limit,category) VALUES (140,1,'food 140',9,100,'Fast Food');
INSERT INTO Food (fid,rid,fname,price,daily_limit,category) VALUES (141,6,'food 141',8,100,'Asian');
INSERT INTO Food (fid,rid,fname,price,daily_limit,category) VALUES (142,9,'food 142',7,100,'Asian');
INSERT INTO Food (fid,rid,fname,price,daily_limit,category) VALUES (143,8,'food 143',2,100,'Italian');
INSERT INTO Food (fid,rid,fname,price,daily_limit,category) VALUES (144,2,'food 144',13,100,'Italian');
INSERT INTO Food (fid,rid,fname,price,daily_limit,category) VALUES (145,2,'food 145',9,100,'Beverage');
INSERT INTO Food (fid,rid,fname,price,daily_limit,category) VALUES (146,8,'food 146',13,100,'Local');
INSERT INTO Food (fid,rid,fname,price,daily_limit,category) VALUES (147,9,'food 147',8,100,'Asian');
INSERT INTO Food (fid,rid,fname,price,daily_limit,category) VALUES (148,3,'food 148',10,100,'Breakfast');
INSERT INTO Food (fid,rid,fname,price,daily_limit,category) VALUES (149,3,'food 149',5,100,'Desserts');
INSERT INTO Food (fid,rid,fname,price,daily_limit,category) VALUES (150,10,'food 150',6,100,'Chinese');
INSERT INTO Food (fid,rid,fname,price,daily_limit,category) VALUES (151,3,'food 151',9,100,'Breakfast');
INSERT INTO Food (fid,rid,fname,price,daily_limit,category) VALUES (152,1,'food 152',8,100,'Western');
INSERT INTO Food (fid,rid,fname,price,daily_limit,category) VALUES (153,9,'food 153',13,100,'Asian');
INSERT INTO Food (fid,rid,fname,price,daily_limit,category) VALUES (154,9,'food 154',7,100,'Japanese');
INSERT INTO Food (fid,rid,fname,price,daily_limit,category) VALUES (155,6,'food 155',6,100,'Vegetarian');
INSERT INTO Food (fid,rid,fname,price,daily_limit,category) VALUES (156,3,'food 156',8,100,'Beverage');
INSERT INTO Food (fid,rid,fname,price,daily_limit,category) VALUES (157,9,'food 157',6,100,'Japanese');
INSERT INTO Food (fid,rid,fname,price,daily_limit,category) VALUES (158,5,'food 158',11,100,'Japanese');
INSERT INTO Food (fid,rid,fname,price,daily_limit,category) VALUES (159,9,'food 159',3,100,'Local');
INSERT INTO Food (fid,rid,fname,price,daily_limit,category) VALUES (160,9,'food 160',3,100,'Fast Food');
INSERT INTO Food (fid,rid,fname,price,daily_limit,category) VALUES (161,10,'food 161',3,100,'Italian');
INSERT INTO Food (fid,rid,fname,price,daily_limit,category) VALUES (162,9,'food 162',10,100,'Italian');
INSERT INTO Food (fid,rid,fname,price,daily_limit,category) VALUES (163,1,'food 163',13,100,'Local');
INSERT INTO Food (fid,rid,fname,price,daily_limit,category) VALUES (164,7,'food 164',11,100,'Fast Food');
INSERT INTO Food (fid,rid,fname,price,daily_limit,category) VALUES (165,7,'food 165',14,100,'Japanese');
INSERT INTO Food (fid,rid,fname,price,daily_limit,category) VALUES (166,1,'food 166',12,100,'Vegetarian');
INSERT INTO Food (fid,rid,fname,price,daily_limit,category) VALUES (167,9,'food 167',12,100,'Fast Food');
INSERT INTO Food (fid,rid,fname,price,daily_limit,category) VALUES (168,7,'food 168',6,100,'Asian');
INSERT INTO Food (fid,rid,fname,price,daily_limit,category) VALUES (169,4,'food 169',8,100,'Desserts');
INSERT INTO Food (fid,rid,fname,price,daily_limit,category) VALUES (170,1,'food 170',6,100,'Asian');
INSERT INTO Food (fid,rid,fname,price,daily_limit,category) VALUES (171,6,'food 171',9,100,'Asian');
INSERT INTO Food (fid,rid,fname,price,daily_limit,category) VALUES (172,9,'food 172',2,100,'Local');
INSERT INTO Food (fid,rid,fname,price,daily_limit,category) VALUES (173,3,'food 173',4,100,'Italian');
INSERT INTO Food (fid,rid,fname,price,daily_limit,category) VALUES (174,3,'food 174',5,100,'Beverage');
INSERT INTO Food (fid,rid,fname,price,daily_limit,category) VALUES (175,6,'food 175',11,100,'Chinese');
INSERT INTO Food (fid,rid,fname,price,daily_limit,category) VALUES (176,4,'food 176',4,100,'Japanese');
INSERT INTO Food (fid,rid,fname,price,daily_limit,category) VALUES (177,5,'food 177',12,100,'Vegetarian');
INSERT INTO Food (fid,rid,fname,price,daily_limit,category) VALUES (178,10,'food 178',13,100,'Vegetarian');
INSERT INTO Food (fid,rid,fname,price,daily_limit,category) VALUES (179,5,'food 179',11,100,'Western');
INSERT INTO Food (fid,rid,fname,price,daily_limit,category) VALUES (180,4,'food 180',7,100,'Vegetarian');
INSERT INTO Food (fid,rid,fname,price,daily_limit,category) VALUES (181,10,'food 181',11,100,'Vegetarian');
INSERT INTO Food (fid,rid,fname,price,daily_limit,category) VALUES (182,6,'food 182',6,100,'Vegetarian');
INSERT INTO Food (fid,rid,fname,price,daily_limit,category) VALUES (183,2,'food 183',6,100,'Chinese');
INSERT INTO Food (fid,rid,fname,price,daily_limit,category) VALUES (184,9,'food 184',5,100,'Vegetarian');
INSERT INTO Food (fid,rid,fname,price,daily_limit,category) VALUES (185,10,'food 185',7,100,'Chinese');
INSERT INTO Food (fid,rid,fname,price,daily_limit,category) VALUES (186,8,'food 186',13,100,'Asian');
INSERT INTO Food (fid,rid,fname,price,daily_limit,category) VALUES (187,1,'food 187',9,100,'Western');
INSERT INTO Food (fid,rid,fname,price,daily_limit,category) VALUES (188,1,'food 188',15,100,'Fast Food');
INSERT INTO Food (fid,rid,fname,price,daily_limit,category) VALUES (189,1,'food 189',10,100,'Local');
INSERT INTO Food (fid,rid,fname,price,daily_limit,category) VALUES (190,7,'food 190',9,100,'Vegetarian');
INSERT INTO Food (fid,rid,fname,price,daily_limit,category) VALUES (191,9,'food 191',11,100,'Fast Food');
INSERT INTO Food (fid,rid,fname,price,daily_limit,category) VALUES (192,3,'food 192',10,100,'Asian');
INSERT INTO Food (fid,rid,fname,price,daily_limit,category) VALUES (193,10,'food 193',11,100,'Beverage');
INSERT INTO Food (fid,rid,fname,price,daily_limit,category) VALUES (194,4,'food 194',12,100,'Vegetarian');
INSERT INTO Food (fid,rid,fname,price,daily_limit,category) VALUES (195,10,'food 195',13,100,'Asian');
INSERT INTO Food (fid,rid,fname,price,daily_limit,category) VALUES (196,1,'food 196',7,100,'Vegetarian');
INSERT INTO Food (fid,rid,fname,price,daily_limit,category) VALUES (197,8,'food 197',4,100,'Asian');
INSERT INTO Food (fid,rid,fname,price,daily_limit,category) VALUES (198,10,'food 198',7,100,'Desserts');
INSERT INTO Food (fid,rid,fname,price,daily_limit,category) VALUES (199,1,'food 199',10,100,'Asian');
INSERT INTO Food (fid,rid,fname,price,daily_limit,category) VALUES (200,9,'food 200',13,100,'Japanese');




INSERT INTO Orders (oid,order_placed,rider_depart_for_rest,rider_arrive_rest,rider_depart_for_delivery_location,order_delivered,rider_review,payment_method,cart_fee,delivery_fee,rider_bonus,discount_amount,delivery_location,delivery_location_area,rider_id,rider_rating,cid) VALUES (1,'01/04/2020 12:39:15','01/04/2020 12:40:15','01/04/2020 12:46:15','01/04/2020 12:50:15','01/04/2020 12:59:15','rider is friendly','CREDITCARD',0,5,3,0,'address 1219','CENTRAL',10,1,5);
INSERT INTO Orders (oid,order_placed,rider_depart_for_rest,rider_arrive_rest,rider_depart_for_delivery_location,order_delivered,rider_review,payment_method,cart_fee,delivery_fee,rider_bonus,discount_amount,delivery_location,delivery_location_area,rider_id,rider_rating,cid) VALUES (2,'06/05/2020 19:29:02','06/05/2020 19:31:02','06/05/2020 19:38:02','06/05/2020 19:40:02','06/05/2020 19:47:02','rider is friendly','CASHONDELIVERY',0,5,3,0,'address 8971','WEST',5,2,1);
INSERT INTO Orders (oid,order_placed,rider_depart_for_rest,rider_arrive_rest,rider_depart_for_delivery_location,order_delivered,rider_review,payment_method,cart_fee,delivery_fee,rider_bonus,discount_amount,delivery_location,delivery_location_area,rider_id,rider_rating,cid) VALUES (3,'01/05/2020 13:29:01','01/05/2020 13:30:01','01/05/2020 13:37:01','01/05/2020 13:47:01','01/05/2020 13:54:01','rider is friendly','CASHONDELIVERY',0,5,3,0,'address 5267','EAST',14,5,8);
INSERT INTO Orders (oid,order_placed,rider_depart_for_rest,rider_arrive_rest,rider_depart_for_delivery_location,order_delivered,rider_review,payment_method,cart_fee,delivery_fee,rider_bonus,discount_amount,delivery_location,delivery_location_area,rider_id,rider_rating,cid) VALUES (4,'08/04/2020 13:41:47','08/04/2020 13:42:47','08/04/2020 13:52:47','08/04/2020 13:53:47','08/04/2020 14:00:47','rider is friendly','CREDITCARD',0,5,3,0,'address 5249','WEST',17,5,14);
INSERT INTO Orders (oid,order_placed,rider_depart_for_rest,rider_arrive_rest,rider_depart_for_delivery_location,order_delivered,rider_review,payment_method,cart_fee,delivery_fee,rider_bonus,discount_amount,delivery_location,delivery_location_area,rider_id,rider_rating,cid) VALUES (5,'04/05/2020 15:41:40','04/05/2020 15:43:40','04/05/2020 15:50:40','04/05/2020 15:56:40','04/05/2020 16:02:40','rider is friendly','CREDITCARD',0,5,3,0,'address 3559','NORTH',16,1,13);
INSERT INTO Orders (oid,order_placed,rider_depart_for_rest,rider_arrive_rest,rider_depart_for_delivery_location,order_delivered,rider_review,payment_method,cart_fee,delivery_fee,rider_bonus,discount_amount,delivery_location,delivery_location_area,rider_id,rider_rating,cid) VALUES (6,'18/04/2020 18:18:39','18/04/2020 18:20:39','18/04/2020 18:26:39','18/04/2020 18:31:39','18/04/2020 18:40:39','rider is friendly','CREDITCARD',0,5,3,0,'address 8535','EAST',16,2,15);
INSERT INTO Orders (oid,order_placed,rider_depart_for_rest,rider_arrive_rest,rider_depart_for_delivery_location,order_delivered,rider_review,payment_method,cart_fee,delivery_fee,rider_bonus,discount_amount,delivery_location,delivery_location_area,rider_id,rider_rating,cid) VALUES (7,'02/05/2020 12:59:43','02/05/2020 13:02:43','02/05/2020 13:09:43','02/05/2020 13:13:43','02/05/2020 13:21:43','rider is friendly','CASHONDELIVERY',0,5,3,0,'address 1378','CENTRAL',8,5,12);
INSERT INTO Orders (oid,order_placed,rider_depart_for_rest,rider_arrive_rest,rider_depart_for_delivery_location,order_delivered,rider_review,payment_method,cart_fee,delivery_fee,rider_bonus,discount_amount,delivery_location,delivery_location_area,rider_id,rider_rating,cid) VALUES (8,'03/05/2020 19:28:09','03/05/2020 19:31:09','03/05/2020 19:40:09','03/05/2020 19:43:09','03/05/2020 19:53:09','rider is friendly','CREDITCARD',0,5,3,0,'address 5585','NORTH',13,2,7);
INSERT INTO Orders (oid,order_placed,rider_depart_for_rest,rider_arrive_rest,rider_depart_for_delivery_location,order_delivered,rider_review,payment_method,cart_fee,delivery_fee,rider_bonus,discount_amount,delivery_location,delivery_location_area,rider_id,rider_rating,cid) VALUES (9,'17/05/2020 19:33:42','17/05/2020 19:34:42','17/05/2020 19:42:42','17/05/2020 19:53:42','17/05/2020 20:00:42','rider is friendly','CASHONDELIVERY',0,5,3,0,'address 190','CENTRAL',19,1,5);
INSERT INTO Orders (oid,order_placed,rider_depart_for_rest,rider_arrive_rest,rider_depart_for_delivery_location,order_delivered,rider_review,payment_method,cart_fee,delivery_fee,rider_bonus,discount_amount,delivery_location,delivery_location_area,rider_id,rider_rating,cid) VALUES (10,'07/05/2020 12:12:22','07/05/2020 12:14:22','07/05/2020 12:22:22','07/05/2020 12:25:22','07/05/2020 12:33:22','rider is friendly','CASHONDELIVERY',0,5,3,0,'address 9510','SOUTH',8,4,19);
INSERT INTO Orders (oid,order_placed,rider_depart_for_rest,rider_arrive_rest,rider_depart_for_delivery_location,order_delivered,rider_review,payment_method,cart_fee,delivery_fee,rider_bonus,discount_amount,delivery_location,delivery_location_area,rider_id,rider_rating,cid) VALUES (11,'17/05/2020 10:26:42','17/05/2020 10:29:42','17/05/2020 10:36:42','17/05/2020 10:43:42','17/05/2020 10:53:42','rider is friendly','CASHONDELIVERY',0,5,3,0,'address 7662','NORTH',5,3,2);
INSERT INTO Orders (oid,order_placed,rider_depart_for_rest,rider_arrive_rest,rider_depart_for_delivery_location,order_delivered,rider_review,payment_method,cart_fee,delivery_fee,rider_bonus,discount_amount,delivery_location,delivery_location_area,rider_id,rider_rating,cid) VALUES (12,'13/04/2020 10:10:46','13/04/2020 10:13:46','13/04/2020 10:22:46','13/04/2020 10:27:46','13/04/2020 10:33:46','rider is friendly','CASHONDELIVERY',0,5,3,0,'address 6584','EAST',16,3,5);
INSERT INTO Orders (oid,order_placed,rider_depart_for_rest,rider_arrive_rest,rider_depart_for_delivery_location,order_delivered,rider_review,payment_method,cart_fee,delivery_fee,rider_bonus,discount_amount,delivery_location,delivery_location_area,rider_id,rider_rating,cid) VALUES (13,'30/05/2020 14:03:49','30/05/2020 14:06:49','30/05/2020 14:11:49','30/05/2020 14:20:49','30/05/2020 14:25:49','rider is friendly','CREDITCARD',0,5,3,0,'address 1817','EAST',9,1,18);
INSERT INTO Orders (oid,order_placed,rider_depart_for_rest,rider_arrive_rest,rider_depart_for_delivery_location,order_delivered,rider_review,payment_method,cart_fee,delivery_fee,rider_bonus,discount_amount,delivery_location,delivery_location_area,rider_id,rider_rating,cid) VALUES (14,'08/04/2020 10:45:16','08/04/2020 10:46:16','08/04/2020 10:53:16','08/04/2020 11:03:16','08/04/2020 11:08:16','rider is friendly','CASHONDELIVERY',0,5,3,0,'address 966','SOUTH',20,1,11);
INSERT INTO Orders (oid,order_placed,rider_depart_for_rest,rider_arrive_rest,rider_depart_for_delivery_location,order_delivered,rider_review,payment_method,cart_fee,delivery_fee,rider_bonus,discount_amount,delivery_location,delivery_location_area,rider_id,rider_rating,cid) VALUES (15,'21/04/2020 12:55:23','21/04/2020 12:57:23','21/04/2020 13:07:23','21/04/2020 13:10:23','21/04/2020 13:20:23','rider is friendly','CREDITCARD',0,5,3,0,'address 8230','EAST',16,4,19);
INSERT INTO Orders (oid,order_placed,rider_depart_for_rest,rider_arrive_rest,rider_depart_for_delivery_location,order_delivered,rider_review,payment_method,cart_fee,delivery_fee,rider_bonus,discount_amount,delivery_location,delivery_location_area,rider_id,rider_rating,cid) VALUES (16,'03/05/2020 19:52:47','03/05/2020 19:55:47','03/05/2020 20:01:47','03/05/2020 20:06:47','03/05/2020 20:15:47','rider is friendly','CASHONDELIVERY',0,5,3,0,'address 9645','EAST',10,2,17);
INSERT INTO Orders (oid,order_placed,rider_depart_for_rest,rider_arrive_rest,rider_depart_for_delivery_location,order_delivered,rider_review,payment_method,cart_fee,delivery_fee,rider_bonus,discount_amount,delivery_location,delivery_location_area,rider_id,rider_rating,cid) VALUES (17,'19/05/2020 12:16:04','19/05/2020 12:17:04','19/05/2020 12:25:04','19/05/2020 12:34:04','19/05/2020 12:41:04','rider is friendly','CASHONDELIVERY',0,5,3,0,'address 3451','CENTRAL',15,5,16);
INSERT INTO Orders (oid,order_placed,rider_depart_for_rest,rider_arrive_rest,rider_depart_for_delivery_location,order_delivered,rider_review,payment_method,cart_fee,delivery_fee,rider_bonus,discount_amount,delivery_location,delivery_location_area,rider_id,rider_rating,cid) VALUES (18,'23/04/2020 13:20:11','23/04/2020 13:21:11','23/04/2020 13:31:11','23/04/2020 13:33:11','23/04/2020 13:40:11','rider is friendly','CASHONDELIVERY',0,5,3,0,'address 2389','EAST',17,2,10);
INSERT INTO Orders (oid,order_placed,rider_depart_for_rest,rider_arrive_rest,rider_depart_for_delivery_location,order_delivered,rider_review,payment_method,cart_fee,delivery_fee,rider_bonus,discount_amount,delivery_location,delivery_location_area,rider_id,rider_rating,cid) VALUES (19,'21/04/2020 12:47:38','21/04/2020 12:48:38','21/04/2020 12:58:38','21/04/2020 12:58:38','21/04/2020 13:05:38','rider is friendly','CREDITCARD',0,5,3,0,'address 410','EAST',18,4,9);
INSERT INTO Orders (oid,order_placed,rider_depart_for_rest,rider_arrive_rest,rider_depart_for_delivery_location,order_delivered,rider_review,payment_method,cart_fee,delivery_fee,rider_bonus,discount_amount,delivery_location,delivery_location_area,rider_id,rider_rating,cid) VALUES (20,'01/05/2020 16:11:33','01/05/2020 16:12:33','01/05/2020 16:19:33','01/05/2020 16:31:33','01/05/2020 16:41:33','rider is friendly','CASHONDELIVERY',0,5,3,0,'address 1320','NORTH',2,1,18);
INSERT INTO Orders (oid,order_placed,rider_depart_for_rest,rider_arrive_rest,rider_depart_for_delivery_location,order_delivered,rider_review,payment_method,cart_fee,delivery_fee,rider_bonus,discount_amount,delivery_location,delivery_location_area,rider_id,rider_rating,cid) VALUES (21,'26/05/2020 20:59:01','26/05/2020 21:01:01','26/05/2020 21:08:01','26/05/2020 21:16:01','26/05/2020 21:25:01','rider is friendly','CREDITCARD',0,5,3,0,'address 5773','NORTH',7,1,3);
INSERT INTO Orders (oid,order_placed,rider_depart_for_rest,rider_arrive_rest,rider_depart_for_delivery_location,order_delivered,rider_review,payment_method,cart_fee,delivery_fee,rider_bonus,discount_amount,delivery_location,delivery_location_area,rider_id,rider_rating,cid) VALUES (22,'21/05/2020 15:14:52','21/05/2020 15:15:52','21/05/2020 15:21:52','21/05/2020 15:34:52','21/05/2020 15:42:52','rider is friendly','CREDITCARD',0,5,3,0,'address 8697','CENTRAL',14,2,8);
INSERT INTO Orders (oid,order_placed,rider_depart_for_rest,rider_arrive_rest,rider_depart_for_delivery_location,order_delivered,rider_review,payment_method,cart_fee,delivery_fee,rider_bonus,discount_amount,delivery_location,delivery_location_area,rider_id,rider_rating,cid) VALUES (23,'21/04/2020 13:51:12','21/04/2020 13:52:12','21/04/2020 14:00:12','21/04/2020 14:02:12','21/04/2020 14:10:12','rider is friendly','CASHONDELIVERY',0,5,3,0,'address 9676','CENTRAL',12,2,5);
INSERT INTO Orders (oid,order_placed,rider_depart_for_rest,rider_arrive_rest,rider_depart_for_delivery_location,order_delivered,rider_review,payment_method,cart_fee,delivery_fee,rider_bonus,discount_amount,delivery_location,delivery_location_area,rider_id,rider_rating,cid) VALUES (24,'04/05/2020 20:49:54','04/05/2020 20:52:54','04/05/2020 20:58:54','04/05/2020 21:01:54','04/05/2020 21:08:54','rider is friendly','CASHONDELIVERY',0,5,3,0,'address 5048','CENTRAL',1,5,15);
INSERT INTO Orders (oid,order_placed,rider_depart_for_rest,rider_arrive_rest,rider_depart_for_delivery_location,order_delivered,rider_review,payment_method,cart_fee,delivery_fee,rider_bonus,discount_amount,delivery_location,delivery_location_area,rider_id,rider_rating,cid) VALUES (25,'30/04/2020 17:00:35','30/04/2020 17:01:35','30/04/2020 17:08:35','30/04/2020 17:20:35','30/04/2020 17:29:35','rider is friendly','CASHONDELIVERY',0,5,3,0,'address 1330','NORTH',2,2,15);
INSERT INTO Orders (oid,order_placed,rider_depart_for_rest,rider_arrive_rest,rider_depart_for_delivery_location,order_delivered,rider_review,payment_method,cart_fee,delivery_fee,rider_bonus,discount_amount,delivery_location,delivery_location_area,rider_id,rider_rating,cid) VALUES (26,'29/04/2020 14:23:40','29/04/2020 14:26:40','29/04/2020 14:33:40','29/04/2020 14:36:40','29/04/2020 14:43:40','rider is friendly','CASHONDELIVERY',0,5,3,0,'address 3022','CENTRAL',15,1,3);
INSERT INTO Orders (oid,order_placed,rider_depart_for_rest,rider_arrive_rest,rider_depart_for_delivery_location,order_delivered,rider_review,payment_method,cart_fee,delivery_fee,rider_bonus,discount_amount,delivery_location,delivery_location_area,rider_id,rider_rating,cid) VALUES (27,'02/04/2020 14:20:05','02/04/2020 14:23:05','02/04/2020 14:31:05','02/04/2020 14:34:05','02/04/2020 14:42:05','rider is friendly','CREDITCARD',0,5,3,0,'address 1358','WEST',13,2,16);
INSERT INTO Orders (oid,order_placed,rider_depart_for_rest,rider_arrive_rest,rider_depart_for_delivery_location,order_delivered,rider_review,payment_method,cart_fee,delivery_fee,rider_bonus,discount_amount,delivery_location,delivery_location_area,rider_id,rider_rating,cid) VALUES (28,'06/04/2020 21:22:03','06/04/2020 21:24:03','06/04/2020 21:31:03','06/04/2020 21:39:03','06/04/2020 21:45:03','rider is friendly','CREDITCARD',0,5,3,0,'address 6684','NORTH',12,2,19);
INSERT INTO Orders (oid,order_placed,rider_depart_for_rest,rider_arrive_rest,rider_depart_for_delivery_location,order_delivered,rider_review,payment_method,cart_fee,delivery_fee,rider_bonus,discount_amount,delivery_location,delivery_location_area,rider_id,rider_rating,cid) VALUES (29,'20/04/2020 20:40:52','20/04/2020 20:43:52','20/04/2020 20:52:52','20/04/2020 20:59:52','20/04/2020 21:07:52','rider is friendly','CREDITCARD',0,5,3,0,'address 1482','EAST',18,2,14);
INSERT INTO Orders (oid,order_placed,rider_depart_for_rest,rider_arrive_rest,rider_depart_for_delivery_location,order_delivered,rider_review,payment_method,cart_fee,delivery_fee,rider_bonus,discount_amount,delivery_location,delivery_location_area,rider_id,rider_rating,cid) VALUES (30,'31/05/2020 19:22:23','31/05/2020 19:24:23','31/05/2020 19:29:23','31/05/2020 19:41:23','31/05/2020 19:46:23','rider is friendly','CREDITCARD',0,5,3,0,'address 426','CENTRAL',8,5,3);
INSERT INTO Orders (oid,order_placed,rider_depart_for_rest,rider_arrive_rest,rider_depart_for_delivery_location,order_delivered,rider_review,payment_method,cart_fee,delivery_fee,rider_bonus,discount_amount,delivery_location,delivery_location_area,rider_id,rider_rating,cid) VALUES (31,'09/05/2020 17:02:12','09/05/2020 17:03:12','09/05/2020 17:11:12','09/05/2020 17:19:12','09/05/2020 17:29:12','rider is friendly','CREDITCARD',0,5,3,0,'address 3517','CENTRAL',13,4,8);
INSERT INTO Orders (oid,order_placed,rider_depart_for_rest,rider_arrive_rest,rider_depart_for_delivery_location,order_delivered,rider_review,payment_method,cart_fee,delivery_fee,rider_bonus,discount_amount,delivery_location,delivery_location_area,rider_id,rider_rating,cid) VALUES (32,'23/05/2020 21:24:37','23/05/2020 21:26:37','23/05/2020 21:34:37','23/05/2020 21:44:37','23/05/2020 21:51:37','rider is friendly','CREDITCARD',0,5,3,0,'address 9529','CENTRAL',12,5,18);
INSERT INTO Orders (oid,order_placed,rider_depart_for_rest,rider_arrive_rest,rider_depart_for_delivery_location,order_delivered,rider_review,payment_method,cart_fee,delivery_fee,rider_bonus,discount_amount,delivery_location,delivery_location_area,rider_id,rider_rating,cid) VALUES (33,'29/04/2020 17:43:45','29/04/2020 17:45:45','29/04/2020 17:54:45','29/04/2020 17:54:45','29/04/2020 18:03:45','rider is friendly','CASHONDELIVERY',0,5,3,0,'address 8757','WEST',14,5,8);
INSERT INTO Orders (oid,order_placed,rider_depart_for_rest,rider_arrive_rest,rider_depart_for_delivery_location,order_delivered,rider_review,payment_method,cart_fee,delivery_fee,rider_bonus,discount_amount,delivery_location,delivery_location_area,rider_id,rider_rating,cid) VALUES (34,'08/05/2020 21:26:37','08/05/2020 21:27:37','08/05/2020 21:36:37','08/05/2020 21:44:37','08/05/2020 21:54:37','rider is friendly','CASHONDELIVERY',0,5,3,0,'address 149','CENTRAL',8,1,18);
INSERT INTO Orders (oid,order_placed,rider_depart_for_rest,rider_arrive_rest,rider_depart_for_delivery_location,order_delivered,rider_review,payment_method,cart_fee,delivery_fee,rider_bonus,discount_amount,delivery_location,delivery_location_area,rider_id,rider_rating,cid) VALUES (35,'10/05/2020 13:32:46','10/05/2020 13:34:46','10/05/2020 13:44:46','10/05/2020 13:45:46','10/05/2020 13:54:46','rider is friendly','CREDITCARD',0,5,3,0,'address 1731','WEST',12,4,17);
INSERT INTO Orders (oid,order_placed,rider_depart_for_rest,rider_arrive_rest,rider_depart_for_delivery_location,order_delivered,rider_review,payment_method,cart_fee,delivery_fee,rider_bonus,discount_amount,delivery_location,delivery_location_area,rider_id,rider_rating,cid) VALUES (36,'13/05/2020 16:54:15','13/05/2020 16:55:15','13/05/2020 17:00:15','13/05/2020 17:06:15','13/05/2020 17:14:15','rider is friendly','CASHONDELIVERY',0,5,3,0,'address 9183','NORTH',12,4,13);
INSERT INTO Orders (oid,order_placed,rider_depart_for_rest,rider_arrive_rest,rider_depart_for_delivery_location,order_delivered,rider_review,payment_method,cart_fee,delivery_fee,rider_bonus,discount_amount,delivery_location,delivery_location_area,rider_id,rider_rating,cid) VALUES (37,'02/04/2020 19:49:57','02/04/2020 19:52:57','02/04/2020 20:01:57','02/04/2020 20:00:57','02/04/2020 20:10:57','rider is friendly','CASHONDELIVERY',0,5,3,0,'address 2759','CENTRAL',2,3,6);
INSERT INTO Orders (oid,order_placed,rider_depart_for_rest,rider_arrive_rest,rider_depart_for_delivery_location,order_delivered,rider_review,payment_method,cart_fee,delivery_fee,rider_bonus,discount_amount,delivery_location,delivery_location_area,rider_id,rider_rating,cid) VALUES (38,'22/05/2020 11:14:44','22/05/2020 11:17:44','22/05/2020 11:23:44','22/05/2020 11:26:44','22/05/2020 11:34:44','rider is friendly','CASHONDELIVERY',0,5,3,0,'address 6323','EAST',16,3,9);
INSERT INTO Orders (oid,order_placed,rider_depart_for_rest,rider_arrive_rest,rider_depart_for_delivery_location,order_delivered,rider_review,payment_method,cart_fee,delivery_fee,rider_bonus,discount_amount,delivery_location,delivery_location_area,rider_id,rider_rating,cid) VALUES (39,'13/05/2020 18:50:56','13/05/2020 18:52:56','13/05/2020 19:02:56','13/05/2020 19:08:56','13/05/2020 19:13:56','rider is friendly','CASHONDELIVERY',0,5,3,0,'address 6312','WEST',5,5,9);
INSERT INTO Orders (oid,order_placed,rider_depart_for_rest,rider_arrive_rest,rider_depart_for_delivery_location,order_delivered,rider_review,payment_method,cart_fee,delivery_fee,rider_bonus,discount_amount,delivery_location,delivery_location_area,rider_id,rider_rating,cid) VALUES (40,'22/04/2020 14:52:58','22/04/2020 14:53:58','22/04/2020 14:59:58','22/04/2020 15:12:58','22/04/2020 15:18:58','rider is friendly','CASHONDELIVERY',0,5,3,0,'address 7960','WEST',17,4,11);
INSERT INTO Orders (oid,order_placed,rider_depart_for_rest,rider_arrive_rest,rider_depart_for_delivery_location,order_delivered,rider_review,payment_method,cart_fee,delivery_fee,rider_bonus,discount_amount,delivery_location,delivery_location_area,rider_id,rider_rating,cid) VALUES (41,'27/05/2020 11:04:53','27/05/2020 11:06:53','27/05/2020 11:16:53','27/05/2020 11:15:53','27/05/2020 11:22:53','rider is friendly','CREDITCARD',0,5,3,0,'address 8665','SOUTH',17,4,17);
INSERT INTO Orders (oid,order_placed,rider_depart_for_rest,rider_arrive_rest,rider_depart_for_delivery_location,order_delivered,rider_review,payment_method,cart_fee,delivery_fee,rider_bonus,discount_amount,delivery_location,delivery_location_area,rider_id,rider_rating,cid) VALUES (42,'16/05/2020 20:12:31','16/05/2020 20:13:31','16/05/2020 20:19:31','16/05/2020 20:30:31','16/05/2020 20:38:31','rider is friendly','CREDITCARD',0,5,3,0,'address 4790','EAST',4,5,16);
INSERT INTO Orders (oid,order_placed,rider_depart_for_rest,rider_arrive_rest,rider_depart_for_delivery_location,order_delivered,rider_review,payment_method,cart_fee,delivery_fee,rider_bonus,discount_amount,delivery_location,delivery_location_area,rider_id,rider_rating,cid) VALUES (43,'07/04/2020 18:51:11','07/04/2020 18:54:11','07/04/2020 19:00:11','07/04/2020 19:07:11','07/04/2020 19:12:11','rider is friendly','CASHONDELIVERY',0,5,3,0,'address 6694','CENTRAL',8,4,4);
INSERT INTO Orders (oid,order_placed,rider_depart_for_rest,rider_arrive_rest,rider_depart_for_delivery_location,order_delivered,rider_review,payment_method,cart_fee,delivery_fee,rider_bonus,discount_amount,delivery_location,delivery_location_area,rider_id,rider_rating,cid) VALUES (44,'16/04/2020 21:26:27','16/04/2020 21:29:27','16/04/2020 21:38:27','16/04/2020 21:43:27','16/04/2020 21:53:27','rider is friendly','CASHONDELIVERY',0,5,3,0,'address 6946','NORTH',20,1,17);
INSERT INTO Orders (oid,order_placed,rider_depart_for_rest,rider_arrive_rest,rider_depart_for_delivery_location,order_delivered,rider_review,payment_method,cart_fee,delivery_fee,rider_bonus,discount_amount,delivery_location,delivery_location_area,rider_id,rider_rating,cid) VALUES (45,'04/05/2020 11:46:36','04/05/2020 11:49:36','04/05/2020 11:54:36','04/05/2020 11:57:36','04/05/2020 12:02:36','rider is friendly','CASHONDELIVERY',0,5,3,0,'address 8026','CENTRAL',6,4,17);
INSERT INTO Orders (oid,order_placed,rider_depart_for_rest,rider_arrive_rest,rider_depart_for_delivery_location,order_delivered,rider_review,payment_method,cart_fee,delivery_fee,rider_bonus,discount_amount,delivery_location,delivery_location_area,rider_id,rider_rating,cid) VALUES (46,'30/04/2020 11:37:01','30/04/2020 11:39:01','30/04/2020 11:44:01','30/04/2020 11:52:01','30/04/2020 12:01:01','rider is friendly','CASHONDELIVERY',0,5,3,0,'address 2935','NORTH',5,4,11);
INSERT INTO Orders (oid,order_placed,rider_depart_for_rest,rider_arrive_rest,rider_depart_for_delivery_location,order_delivered,rider_review,payment_method,cart_fee,delivery_fee,rider_bonus,discount_amount,delivery_location,delivery_location_area,rider_id,rider_rating,cid) VALUES (47,'28/05/2020 17:30:05','28/05/2020 17:32:05','28/05/2020 17:41:05','28/05/2020 17:41:05','28/05/2020 17:46:05','rider is friendly','CREDITCARD',0,5,3,0,'address 226','SOUTH',11,5,19);
INSERT INTO Orders (oid,order_placed,rider_depart_for_rest,rider_arrive_rest,rider_depart_for_delivery_location,order_delivered,rider_review,payment_method,cart_fee,delivery_fee,rider_bonus,discount_amount,delivery_location,delivery_location_area,rider_id,rider_rating,cid) VALUES (48,'19/04/2020 11:23:42','19/04/2020 11:26:42','19/04/2020 11:36:42','19/04/2020 11:37:42','19/04/2020 11:43:42','rider is friendly','CASHONDELIVERY',0,5,3,0,'address 8359','CENTRAL',17,3,12);
INSERT INTO Orders (oid,order_placed,rider_depart_for_rest,rider_arrive_rest,rider_depart_for_delivery_location,order_delivered,rider_review,payment_method,cart_fee,delivery_fee,rider_bonus,discount_amount,delivery_location,delivery_location_area,rider_id,rider_rating,cid) VALUES (49,'01/04/2020 20:39:38','01/04/2020 20:42:38','01/04/2020 20:51:38','01/04/2020 20:59:38','01/04/2020 21:05:38','rider is friendly','CREDITCARD',0,5,3,0,'address 5518','WEST',4,2,8);
INSERT INTO Orders (oid,order_placed,rider_depart_for_rest,rider_arrive_rest,rider_depart_for_delivery_location,order_delivered,rider_review,payment_method,cart_fee,delivery_fee,rider_bonus,discount_amount,delivery_location,delivery_location_area,rider_id,rider_rating,cid) VALUES (50,'12/05/2020 16:00:51','12/05/2020 16:02:51','12/05/2020 16:11:51','12/05/2020 16:14:51','12/05/2020 16:22:51','rider is friendly','CREDITCARD',0,5,3,0,'address 6954','SOUTH',3,3,13);
INSERT INTO Orders (oid,order_placed,rider_depart_for_rest,rider_arrive_rest,rider_depart_for_delivery_location,order_delivered,rider_review,payment_method,cart_fee,delivery_fee,rider_bonus,discount_amount,delivery_location,delivery_location_area,rider_id,rider_rating,cid) VALUES (51,'19/05/2020 15:41:59','19/05/2020 15:42:59','19/05/2020 15:48:59','19/05/2020 16:00:59','19/05/2020 16:05:59','rider is friendly','CREDITCARD',0,5,3,0,'address 9168','EAST',6,4,13);
INSERT INTO Orders (oid,order_placed,rider_depart_for_rest,rider_arrive_rest,rider_depart_for_delivery_location,order_delivered,rider_review,payment_method,cart_fee,delivery_fee,rider_bonus,discount_amount,delivery_location,delivery_location_area,rider_id,rider_rating,cid) VALUES (52,'07/05/2020 15:32:13','07/05/2020 15:33:13','07/05/2020 15:43:13','07/05/2020 15:51:13','07/05/2020 16:01:13','rider is friendly','CREDITCARD',0,5,3,0,'address 894','NORTH',19,3,5);
INSERT INTO Orders (oid,order_placed,rider_depart_for_rest,rider_arrive_rest,rider_depart_for_delivery_location,order_delivered,rider_review,payment_method,cart_fee,delivery_fee,rider_bonus,discount_amount,delivery_location,delivery_location_area,rider_id,rider_rating,cid) VALUES (53,'08/05/2020 15:53:33','08/05/2020 15:54:33','08/05/2020 16:00:33','08/05/2020 16:10:33','08/05/2020 16:19:33','rider is friendly','CASHONDELIVERY',0,5,3,0,'address 6341','WEST',7,1,5);
INSERT INTO Orders (oid,order_placed,rider_depart_for_rest,rider_arrive_rest,rider_depart_for_delivery_location,order_delivered,rider_review,payment_method,cart_fee,delivery_fee,rider_bonus,discount_amount,delivery_location,delivery_location_area,rider_id,rider_rating,cid) VALUES (54,'23/04/2020 19:27:31','23/04/2020 19:28:31','23/04/2020 19:38:31','23/04/2020 19:47:31','23/04/2020 19:52:31','rider is friendly','CREDITCARD',0,5,3,0,'address 3838','CENTRAL',13,4,13);
INSERT INTO Orders (oid,order_placed,rider_depart_for_rest,rider_arrive_rest,rider_depart_for_delivery_location,order_delivered,rider_review,payment_method,cart_fee,delivery_fee,rider_bonus,discount_amount,delivery_location,delivery_location_area,rider_id,rider_rating,cid) VALUES (55,'17/05/2020 13:45:09','17/05/2020 13:47:09','17/05/2020 13:52:09','17/05/2020 14:01:09','17/05/2020 14:09:09','rider is friendly','CREDITCARD',0,5,3,0,'address 3234','SOUTH',14,5,20);
INSERT INTO Orders (oid,order_placed,rider_depart_for_rest,rider_arrive_rest,rider_depart_for_delivery_location,order_delivered,rider_review,payment_method,cart_fee,delivery_fee,rider_bonus,discount_amount,delivery_location,delivery_location_area,rider_id,rider_rating,cid) VALUES (56,'12/04/2020 18:54:23','12/04/2020 18:55:23','12/04/2020 19:03:23','12/04/2020 19:05:23','12/04/2020 19:12:23','rider is friendly','CASHONDELIVERY',0,5,3,0,'address 7506','NORTH',13,3,15);
INSERT INTO Orders (oid,order_placed,rider_depart_for_rest,rider_arrive_rest,rider_depart_for_delivery_location,order_delivered,rider_review,payment_method,cart_fee,delivery_fee,rider_bonus,discount_amount,delivery_location,delivery_location_area,rider_id,rider_rating,cid) VALUES (57,'16/04/2020 15:37:50','16/04/2020 15:40:50','16/04/2020 15:50:50','16/04/2020 15:50:50','16/04/2020 15:55:50','rider is friendly','CASHONDELIVERY',0,5,3,0,'address 9648','CENTRAL',17,3,15);
INSERT INTO Orders (oid,order_placed,rider_depart_for_rest,rider_arrive_rest,rider_depart_for_delivery_location,order_delivered,rider_review,payment_method,cart_fee,delivery_fee,rider_bonus,discount_amount,delivery_location,delivery_location_area,rider_id,rider_rating,cid) VALUES (58,'28/05/2020 14:09:08','28/05/2020 14:10:08','28/05/2020 14:17:08','28/05/2020 14:23:08','28/05/2020 14:33:08','rider is friendly','CASHONDELIVERY',0,5,3,0,'address 1240','WEST',12,1,4);
INSERT INTO Orders (oid,order_placed,rider_depart_for_rest,rider_arrive_rest,rider_depart_for_delivery_location,order_delivered,rider_review,payment_method,cart_fee,delivery_fee,rider_bonus,discount_amount,delivery_location,delivery_location_area,rider_id,rider_rating,cid) VALUES (59,'09/05/2020 18:11:13','09/05/2020 18:13:13','09/05/2020 18:23:13','09/05/2020 18:22:13','09/05/2020 18:28:13','rider is friendly','CASHONDELIVERY',0,5,3,0,'address 2558','EAST',1,1,7);
INSERT INTO Orders (oid,order_placed,rider_depart_for_rest,rider_arrive_rest,rider_depart_for_delivery_location,order_delivered,rider_review,payment_method,cart_fee,delivery_fee,rider_bonus,discount_amount,delivery_location,delivery_location_area,rider_id,rider_rating,cid) VALUES (60,'05/04/2020 11:18:00','05/04/2020 11:21:00','05/04/2020 11:26:00','05/04/2020 11:34:00','05/04/2020 11:40:00','rider is friendly','CASHONDELIVERY',0,5,3,0,'address 5720','NORTH',17,5,18);
INSERT INTO Orders (oid,order_placed,rider_depart_for_rest,rider_arrive_rest,rider_depart_for_delivery_location,order_delivered,rider_review,payment_method,cart_fee,delivery_fee,rider_bonus,discount_amount,delivery_location,delivery_location_area,rider_id,rider_rating,cid) VALUES (61,'16/04/2020 13:58:33','16/04/2020 13:59:33','16/04/2020 14:04:33','16/04/2020 14:12:33','16/04/2020 14:20:33','rider is friendly','CASHONDELIVERY',0,5,3,0,'address 743','CENTRAL',5,5,5);
INSERT INTO Orders (oid,order_placed,rider_depart_for_rest,rider_arrive_rest,rider_depart_for_delivery_location,order_delivered,rider_review,payment_method,cart_fee,delivery_fee,rider_bonus,discount_amount,delivery_location,delivery_location_area,rider_id,rider_rating,cid) VALUES (62,'26/04/2020 13:07:41','26/04/2020 13:10:41','26/04/2020 13:16:41','26/04/2020 13:18:41','26/04/2020 13:28:41','rider is friendly','CASHONDELIVERY',0,5,3,0,'address 5219','CENTRAL',7,1,8);
INSERT INTO Orders (oid,order_placed,rider_depart_for_rest,rider_arrive_rest,rider_depart_for_delivery_location,order_delivered,rider_review,payment_method,cart_fee,delivery_fee,rider_bonus,discount_amount,delivery_location,delivery_location_area,rider_id,rider_rating,cid) VALUES (63,'13/04/2020 20:17:18','13/04/2020 20:19:18','13/04/2020 20:25:18','13/04/2020 20:29:18','13/04/2020 20:36:18','rider is friendly','CASHONDELIVERY',0,5,3,0,'address 2532','WEST',18,5,11);
INSERT INTO Orders (oid,order_placed,rider_depart_for_rest,rider_arrive_rest,rider_depart_for_delivery_location,order_delivered,rider_review,payment_method,cart_fee,delivery_fee,rider_bonus,discount_amount,delivery_location,delivery_location_area,rider_id,rider_rating,cid) VALUES (64,'17/05/2020 10:11:18','17/05/2020 10:13:18','17/05/2020 10:22:18','17/05/2020 10:30:18','17/05/2020 10:38:18','rider is friendly','CREDITCARD',0,5,3,0,'address 4245','NORTH',9,5,6);
INSERT INTO Orders (oid,order_placed,rider_depart_for_rest,rider_arrive_rest,rider_depart_for_delivery_location,order_delivered,rider_review,payment_method,cart_fee,delivery_fee,rider_bonus,discount_amount,delivery_location,delivery_location_area,rider_id,rider_rating,cid) VALUES (65,'29/05/2020 16:40:10','29/05/2020 16:43:10','29/05/2020 16:53:10','29/05/2020 16:57:10','29/05/2020 17:02:10','rider is friendly','CREDITCARD',0,5,3,0,'address 9151','SOUTH',20,4,7);
INSERT INTO Orders (oid,order_placed,rider_depart_for_rest,rider_arrive_rest,rider_depart_for_delivery_location,order_delivered,rider_review,payment_method,cart_fee,delivery_fee,rider_bonus,discount_amount,delivery_location,delivery_location_area,rider_id,rider_rating,cid) VALUES (66,'26/05/2020 10:32:05','26/05/2020 10:35:05','26/05/2020 10:42:05','26/05/2020 10:47:05','26/05/2020 10:54:05','rider is friendly','CREDITCARD',0,5,3,0,'address 7494','SOUTH',12,1,3);
INSERT INTO Orders (oid,order_placed,rider_depart_for_rest,rider_arrive_rest,rider_depart_for_delivery_location,order_delivered,rider_review,payment_method,cart_fee,delivery_fee,rider_bonus,discount_amount,delivery_location,delivery_location_area,rider_id,rider_rating,cid) VALUES (67,'15/05/2020 13:57:02','15/05/2020 13:59:02','15/05/2020 14:05:02','15/05/2020 14:12:02','15/05/2020 14:22:02','rider is friendly','CASHONDELIVERY',0,5,3,0,'address 2318','CENTRAL',7,3,8);
INSERT INTO Orders (oid,order_placed,rider_depart_for_rest,rider_arrive_rest,rider_depart_for_delivery_location,order_delivered,rider_review,payment_method,cart_fee,delivery_fee,rider_bonus,discount_amount,delivery_location,delivery_location_area,rider_id,rider_rating,cid) VALUES (68,'23/04/2020 14:07:12','23/04/2020 14:10:12','23/04/2020 14:20:12','23/04/2020 14:23:12','23/04/2020 14:32:12','rider is friendly','CASHONDELIVERY',0,5,3,0,'address 160','EAST',18,2,13);
INSERT INTO Orders (oid,order_placed,rider_depart_for_rest,rider_arrive_rest,rider_depart_for_delivery_location,order_delivered,rider_review,payment_method,cart_fee,delivery_fee,rider_bonus,discount_amount,delivery_location,delivery_location_area,rider_id,rider_rating,cid) VALUES (69,'30/04/2020 18:42:31','30/04/2020 18:45:31','30/04/2020 18:52:31','30/04/2020 18:59:31','30/04/2020 19:09:31','rider is friendly','CASHONDELIVERY',0,5,3,0,'address 9432','EAST',12,1,9);
INSERT INTO Orders (oid,order_placed,rider_depart_for_rest,rider_arrive_rest,rider_depart_for_delivery_location,order_delivered,rider_review,payment_method,cart_fee,delivery_fee,rider_bonus,discount_amount,delivery_location,delivery_location_area,rider_id,rider_rating,cid) VALUES (70,'10/05/2020 17:31:08','10/05/2020 17:34:08','10/05/2020 17:42:08','10/05/2020 17:44:08','10/05/2020 17:53:08','rider is friendly','CREDITCARD',0,5,3,0,'address 3362','EAST',19,2,8);
INSERT INTO Orders (oid,order_placed,rider_depart_for_rest,rider_arrive_rest,rider_depart_for_delivery_location,order_delivered,rider_review,payment_method,cart_fee,delivery_fee,rider_bonus,discount_amount,delivery_location,delivery_location_area,rider_id,rider_rating,cid) VALUES (71,'01/05/2020 10:02:50','01/05/2020 10:05:50','01/05/2020 10:15:50','01/05/2020 10:22:50','01/05/2020 10:29:50','rider is friendly','CASHONDELIVERY',0,5,3,0,'address 4618','WEST',10,5,13);
INSERT INTO Orders (oid,order_placed,rider_depart_for_rest,rider_arrive_rest,rider_depart_for_delivery_location,order_delivered,rider_review,payment_method,cart_fee,delivery_fee,rider_bonus,discount_amount,delivery_location,delivery_location_area,rider_id,rider_rating,cid) VALUES (72,'28/05/2020 11:01:20','28/05/2020 11:02:20','28/05/2020 11:10:20','28/05/2020 11:15:20','28/05/2020 11:20:20','rider is friendly','CASHONDELIVERY',0,5,3,0,'address 1295','SOUTH',18,2,13);
INSERT INTO Orders (oid,order_placed,rider_depart_for_rest,rider_arrive_rest,rider_depart_for_delivery_location,order_delivered,rider_review,payment_method,cart_fee,delivery_fee,rider_bonus,discount_amount,delivery_location,delivery_location_area,rider_id,rider_rating,cid) VALUES (73,'12/05/2020 15:59:16','12/05/2020 16:01:16','12/05/2020 16:08:16','12/05/2020 16:11:16','12/05/2020 16:16:16','rider is friendly','CREDITCARD',0,5,3,0,'address 122','CENTRAL',6,2,8);
INSERT INTO Orders (oid,order_placed,rider_depart_for_rest,rider_arrive_rest,rider_depart_for_delivery_location,order_delivered,rider_review,payment_method,cart_fee,delivery_fee,rider_bonus,discount_amount,delivery_location,delivery_location_area,rider_id,rider_rating,cid) VALUES (74,'30/05/2020 19:24:40','30/05/2020 19:27:40','30/05/2020 19:32:40','30/05/2020 19:41:40','30/05/2020 19:49:40','rider is friendly','CASHONDELIVERY',0,5,3,0,'address 3183','WEST',16,5,4);
INSERT INTO Orders (oid,order_placed,rider_depart_for_rest,rider_arrive_rest,rider_depart_for_delivery_location,order_delivered,rider_review,payment_method,cart_fee,delivery_fee,rider_bonus,discount_amount,delivery_location,delivery_location_area,rider_id,rider_rating,cid) VALUES (75,'05/05/2020 15:06:39','05/05/2020 15:09:39','05/05/2020 15:15:39','05/05/2020 15:16:39','05/05/2020 15:26:39','rider is friendly','CASHONDELIVERY',0,5,3,0,'address 6851','CENTRAL',7,4,8);
INSERT INTO Orders (oid,order_placed,rider_depart_for_rest,rider_arrive_rest,rider_depart_for_delivery_location,order_delivered,rider_review,payment_method,cart_fee,delivery_fee,rider_bonus,discount_amount,delivery_location,delivery_location_area,rider_id,rider_rating,cid) VALUES (76,'10/04/2020 10:46:30','10/04/2020 10:47:30','10/04/2020 10:54:30','10/04/2020 11:01:30','10/04/2020 11:07:30','rider is friendly','CREDITCARD',0,5,3,0,'address 8282','WEST',3,4,8);
INSERT INTO Orders (oid,order_placed,rider_depart_for_rest,rider_arrive_rest,rider_depart_for_delivery_location,order_delivered,rider_review,payment_method,cart_fee,delivery_fee,rider_bonus,discount_amount,delivery_location,delivery_location_area,rider_id,rider_rating,cid) VALUES (77,'14/05/2020 17:53:42','14/05/2020 17:56:42','14/05/2020 18:03:42','14/05/2020 18:11:42','14/05/2020 18:18:42','rider is friendly','CASHONDELIVERY',0,5,3,0,'address 7526','CENTRAL',2,2,2);
INSERT INTO Orders (oid,order_placed,rider_depart_for_rest,rider_arrive_rest,rider_depart_for_delivery_location,order_delivered,rider_review,payment_method,cart_fee,delivery_fee,rider_bonus,discount_amount,delivery_location,delivery_location_area,rider_id,rider_rating,cid) VALUES (78,'05/04/2020 13:54:46','05/04/2020 13:57:46','05/04/2020 14:02:46','05/04/2020 14:04:46','05/04/2020 14:10:46','rider is friendly','CREDITCARD',0,5,3,0,'address 5194','WEST',2,3,7);
INSERT INTO Orders (oid,order_placed,rider_depart_for_rest,rider_arrive_rest,rider_depart_for_delivery_location,order_delivered,rider_review,payment_method,cart_fee,delivery_fee,rider_bonus,discount_amount,delivery_location,delivery_location_area,rider_id,rider_rating,cid) VALUES (79,'01/04/2020 19:03:18','01/04/2020 19:04:18','01/04/2020 19:11:18','01/04/2020 19:22:18','01/04/2020 19:29:18','rider is friendly','CREDITCARD',0,5,3,0,'address 7178','CENTRAL',10,5,12);
INSERT INTO Orders (oid,order_placed,rider_depart_for_rest,rider_arrive_rest,rider_depart_for_delivery_location,order_delivered,rider_review,payment_method,cart_fee,delivery_fee,rider_bonus,discount_amount,delivery_location,delivery_location_area,rider_id,rider_rating,cid) VALUES (80,'31/05/2020 15:23:33','31/05/2020 15:24:33','31/05/2020 15:29:33','31/05/2020 15:40:33','31/05/2020 15:49:33','rider is friendly','CREDITCARD',0,5,3,0,'address 9044','CENTRAL',19,2,18);
INSERT INTO Orders (oid,order_placed,rider_depart_for_rest,rider_arrive_rest,rider_depart_for_delivery_location,order_delivered,rider_review,payment_method,cart_fee,delivery_fee,rider_bonus,discount_amount,delivery_location,delivery_location_area,rider_id,rider_rating,cid) VALUES (81,'03/05/2020 18:23:36','03/05/2020 18:26:36','03/05/2020 18:35:36','03/05/2020 18:41:36','03/05/2020 18:47:36','rider is friendly','CASHONDELIVERY',0,5,3,0,'address 8090','EAST',9,4,4);
INSERT INTO Orders (oid,order_placed,rider_depart_for_rest,rider_arrive_rest,rider_depart_for_delivery_location,order_delivered,rider_review,payment_method,cart_fee,delivery_fee,rider_bonus,discount_amount,delivery_location,delivery_location_area,rider_id,rider_rating,cid) VALUES (82,'15/05/2020 12:56:23','15/05/2020 12:59:23','15/05/2020 13:09:23','15/05/2020 13:13:23','15/05/2020 13:22:23','rider is friendly','CASHONDELIVERY',0,5,3,0,'address 3577','CENTRAL',13,5,2);
INSERT INTO Orders (oid,order_placed,rider_depart_for_rest,rider_arrive_rest,rider_depart_for_delivery_location,order_delivered,rider_review,payment_method,cart_fee,delivery_fee,rider_bonus,discount_amount,delivery_location,delivery_location_area,rider_id,rider_rating,cid) VALUES (83,'06/04/2020 10:42:25','06/04/2020 10:44:25','06/04/2020 10:54:25','06/04/2020 10:57:25','06/04/2020 11:06:25','rider is friendly','CASHONDELIVERY',0,5,3,0,'address 3006','SOUTH',18,3,4);
INSERT INTO Orders (oid,order_placed,rider_depart_for_rest,rider_arrive_rest,rider_depart_for_delivery_location,order_delivered,rider_review,payment_method,cart_fee,delivery_fee,rider_bonus,discount_amount,delivery_location,delivery_location_area,rider_id,rider_rating,cid) VALUES (84,'10/05/2020 14:40:00','10/05/2020 14:41:00','10/05/2020 14:48:00','10/05/2020 14:51:00','10/05/2020 14:56:00','rider is friendly','CREDITCARD',0,5,3,0,'address 2746','NORTH',8,5,15);
INSERT INTO Orders (oid,order_placed,rider_depart_for_rest,rider_arrive_rest,rider_depart_for_delivery_location,order_delivered,rider_review,payment_method,cart_fee,delivery_fee,rider_bonus,discount_amount,delivery_location,delivery_location_area,rider_id,rider_rating,cid) VALUES (85,'12/04/2020 13:40:23','12/04/2020 13:42:23','12/04/2020 13:51:23','12/04/2020 13:53:23','12/04/2020 14:00:23','rider is friendly','CREDITCARD',0,5,3,0,'address 6352','SOUTH',4,3,6);
INSERT INTO Orders (oid,order_placed,rider_depart_for_rest,rider_arrive_rest,rider_depart_for_delivery_location,order_delivered,rider_review,payment_method,cart_fee,delivery_fee,rider_bonus,discount_amount,delivery_location,delivery_location_area,rider_id,rider_rating,cid) VALUES (86,'03/04/2020 11:29:59','03/04/2020 11:31:59','03/04/2020 11:39:59','03/04/2020 11:49:59','03/04/2020 11:55:59','rider is friendly','CREDITCARD',0,5,3,0,'address 7933','CENTRAL',18,2,8);
INSERT INTO Orders (oid,order_placed,rider_depart_for_rest,rider_arrive_rest,rider_depart_for_delivery_location,order_delivered,rider_review,payment_method,cart_fee,delivery_fee,rider_bonus,discount_amount,delivery_location,delivery_location_area,rider_id,rider_rating,cid) VALUES (87,'15/04/2020 15:31:04','15/04/2020 15:32:04','15/04/2020 15:38:04','15/04/2020 15:42:04','15/04/2020 15:51:04','rider is friendly','CREDITCARD',0,5,3,0,'address 6745','NORTH',10,2,10);
INSERT INTO Orders (oid,order_placed,rider_depart_for_rest,rider_arrive_rest,rider_depart_for_delivery_location,order_delivered,rider_review,payment_method,cart_fee,delivery_fee,rider_bonus,discount_amount,delivery_location,delivery_location_area,rider_id,rider_rating,cid) VALUES (88,'07/04/2020 19:46:14','07/04/2020 19:49:14','07/04/2020 19:57:14','07/04/2020 19:58:14','07/04/2020 20:06:14','rider is friendly','CASHONDELIVERY',0,5,3,0,'address 3429','CENTRAL',18,1,7);
INSERT INTO Orders (oid,order_placed,rider_depart_for_rest,rider_arrive_rest,rider_depart_for_delivery_location,order_delivered,rider_review,payment_method,cart_fee,delivery_fee,rider_bonus,discount_amount,delivery_location,delivery_location_area,rider_id,rider_rating,cid) VALUES (89,'22/05/2020 17:41:27','22/05/2020 17:42:27','22/05/2020 17:51:27','22/05/2020 17:58:27','22/05/2020 18:06:27','rider is friendly','CASHONDELIVERY',0,5,3,0,'address 2967','EAST',19,1,17);
INSERT INTO Orders (oid,order_placed,rider_depart_for_rest,rider_arrive_rest,rider_depart_for_delivery_location,order_delivered,rider_review,payment_method,cart_fee,delivery_fee,rider_bonus,discount_amount,delivery_location,delivery_location_area,rider_id,rider_rating,cid) VALUES (90,'28/04/2020 16:08:23','28/04/2020 16:09:23','28/04/2020 16:19:23','28/04/2020 16:21:23','28/04/2020 16:28:23','rider is friendly','CREDITCARD',0,5,3,0,'address 4988','WEST',1,3,20);
INSERT INTO Orders (oid,order_placed,rider_depart_for_rest,rider_arrive_rest,rider_depart_for_delivery_location,order_delivered,rider_review,payment_method,cart_fee,delivery_fee,rider_bonus,discount_amount,delivery_location,delivery_location_area,rider_id,rider_rating,cid) VALUES (91,'27/04/2020 11:16:25','27/04/2020 11:17:25','27/04/2020 11:22:25','27/04/2020 11:30:25','27/04/2020 11:37:25','rider is friendly','CASHONDELIVERY',0,5,3,0,'address 2825','SOUTH',7,4,6);
INSERT INTO Orders (oid,order_placed,rider_depart_for_rest,rider_arrive_rest,rider_depart_for_delivery_location,order_delivered,rider_review,payment_method,cart_fee,delivery_fee,rider_bonus,discount_amount,delivery_location,delivery_location_area,rider_id,rider_rating,cid) VALUES (92,'06/04/2020 15:40:49','06/04/2020 15:43:49','06/04/2020 15:52:49','06/04/2020 15:50:49','06/04/2020 15:56:49','rider is friendly','CREDITCARD',0,5,3,0,'address 4595','NORTH',19,1,11);
INSERT INTO Orders (oid,order_placed,rider_depart_for_rest,rider_arrive_rest,rider_depart_for_delivery_location,order_delivered,rider_review,payment_method,cart_fee,delivery_fee,rider_bonus,discount_amount,delivery_location,delivery_location_area,rider_id,rider_rating,cid) VALUES (93,'13/04/2020 14:33:31','13/04/2020 14:36:31','13/04/2020 14:42:31','13/04/2020 14:48:31','13/04/2020 14:53:31','rider is friendly','CREDITCARD',0,5,3,0,'address 4147','NORTH',7,4,16);
INSERT INTO Orders (oid,order_placed,rider_depart_for_rest,rider_arrive_rest,rider_depart_for_delivery_location,order_delivered,rider_review,payment_method,cart_fee,delivery_fee,rider_bonus,discount_amount,delivery_location,delivery_location_area,rider_id,rider_rating,cid) VALUES (94,'08/05/2020 17:32:56','08/05/2020 17:33:56','08/05/2020 17:42:56','08/05/2020 17:48:56','08/05/2020 17:58:56','rider is friendly','CREDITCARD',0,5,3,0,'address 6386','EAST',11,3,7);
INSERT INTO Orders (oid,order_placed,rider_depart_for_rest,rider_arrive_rest,rider_depart_for_delivery_location,order_delivered,rider_review,payment_method,cart_fee,delivery_fee,rider_bonus,discount_amount,delivery_location,delivery_location_area,rider_id,rider_rating,cid) VALUES (95,'07/04/2020 10:54:25','07/04/2020 10:55:25','07/04/2020 11:04:25','07/04/2020 11:11:25','07/04/2020 11:19:25','rider is friendly','CASHONDELIVERY',0,5,3,0,'address 3506','CENTRAL',5,1,19);
INSERT INTO Orders (oid,order_placed,rider_depart_for_rest,rider_arrive_rest,rider_depart_for_delivery_location,order_delivered,rider_review,payment_method,cart_fee,delivery_fee,rider_bonus,discount_amount,delivery_location,delivery_location_area,rider_id,rider_rating,cid) VALUES (96,'02/05/2020 19:27:13','02/05/2020 19:30:13','02/05/2020 19:39:13','02/05/2020 19:46:13','02/05/2020 19:52:13','rider is friendly','CASHONDELIVERY',0,5,3,0,'address 2024','EAST',19,3,6);
INSERT INTO Orders (oid,order_placed,rider_depart_for_rest,rider_arrive_rest,rider_depart_for_delivery_location,order_delivered,rider_review,payment_method,cart_fee,delivery_fee,rider_bonus,discount_amount,delivery_location,delivery_location_area,rider_id,rider_rating,cid) VALUES (97,'04/05/2020 21:25:14','04/05/2020 21:27:14','04/05/2020 21:32:14','04/05/2020 21:39:14','04/05/2020 21:48:14','rider is friendly','CREDITCARD',0,5,3,0,'address 9517','WEST',10,3,11);
INSERT INTO Orders (oid,order_placed,rider_depart_for_rest,rider_arrive_rest,rider_depart_for_delivery_location,order_delivered,rider_review,payment_method,cart_fee,delivery_fee,rider_bonus,discount_amount,delivery_location,delivery_location_area,rider_id,rider_rating,cid) VALUES (98,'22/04/2020 18:39:52','22/04/2020 18:40:52','22/04/2020 18:46:52','22/04/2020 18:59:52','22/04/2020 19:09:52','rider is friendly','CREDITCARD',0,5,3,0,'address 1854','WEST',15,2,6);
INSERT INTO Orders (oid,order_placed,rider_depart_for_rest,rider_arrive_rest,rider_depart_for_delivery_location,order_delivered,rider_review,payment_method,cart_fee,delivery_fee,rider_bonus,discount_amount,delivery_location,delivery_location_area,rider_id,rider_rating,cid) VALUES (99,'18/04/2020 14:46:16','18/04/2020 14:49:16','18/04/2020 14:58:16','18/04/2020 15:03:16','18/04/2020 15:12:16','rider is friendly','CREDITCARD',0,5,3,0,'address 6014','WEST',5,4,19);
INSERT INTO Orders (oid,order_placed,rider_depart_for_rest,rider_arrive_rest,rider_depart_for_delivery_location,order_delivered,rider_review,payment_method,cart_fee,delivery_fee,rider_bonus,discount_amount,delivery_location,delivery_location_area,rider_id,rider_rating,cid) VALUES (100,'10/05/2020 11:14:30','10/05/2020 11:15:30','10/05/2020 11:25:30','10/05/2020 11:34:30','10/05/2020 11:44:30','rider is friendly','CREDITCARD',0,5,3,0,'address 627','WEST',2,2,4);
INSERT INTO Orders (oid,order_placed,rider_depart_for_rest,rider_arrive_rest,rider_depart_for_delivery_location,order_delivered,rider_review,payment_method,cart_fee,delivery_fee,rider_bonus,discount_amount,delivery_location,delivery_location_area,rider_id,rider_rating,cid) VALUES (101,'17/05/2020 19:09:59','17/05/2020 19:10:59','17/05/2020 19:19:59','17/05/2020 19:21:59','17/05/2020 19:26:59','rider is friendly','CASHONDELIVERY',0,5,3,0,'address 7938','SOUTH',1,4,17);
INSERT INTO Orders (oid,order_placed,rider_depart_for_rest,rider_arrive_rest,rider_depart_for_delivery_location,order_delivered,rider_review,payment_method,cart_fee,delivery_fee,rider_bonus,discount_amount,delivery_location,delivery_location_area,rider_id,rider_rating,cid) VALUES (102,'06/05/2020 13:22:52','06/05/2020 13:24:52','06/05/2020 13:30:52','06/05/2020 13:38:52','06/05/2020 13:45:52','rider is friendly','CREDITCARD',0,5,3,0,'address 9383','WEST',10,4,19);
INSERT INTO Orders (oid,order_placed,rider_depart_for_rest,rider_arrive_rest,rider_depart_for_delivery_location,order_delivered,rider_review,payment_method,cart_fee,delivery_fee,rider_bonus,discount_amount,delivery_location,delivery_location_area,rider_id,rider_rating,cid) VALUES (103,'20/05/2020 14:11:12','20/05/2020 14:13:12','20/05/2020 14:21:12','20/05/2020 14:21:12','20/05/2020 14:29:12','rider is friendly','CREDITCARD',0,5,3,0,'address 1253','SOUTH',16,5,14);
INSERT INTO Orders (oid,order_placed,rider_depart_for_rest,rider_arrive_rest,rider_depart_for_delivery_location,order_delivered,rider_review,payment_method,cart_fee,delivery_fee,rider_bonus,discount_amount,delivery_location,delivery_location_area,rider_id,rider_rating,cid) VALUES (104,'22/04/2020 13:08:29','22/04/2020 13:10:29','22/04/2020 13:16:29','22/04/2020 13:26:29','22/04/2020 13:36:29','rider is friendly','CREDITCARD',0,5,3,0,'address 6366','SOUTH',6,1,3);
INSERT INTO Orders (oid,order_placed,rider_depart_for_rest,rider_arrive_rest,rider_depart_for_delivery_location,order_delivered,rider_review,payment_method,cart_fee,delivery_fee,rider_bonus,discount_amount,delivery_location,delivery_location_area,rider_id,rider_rating,cid) VALUES (105,'11/04/2020 15:58:01','11/04/2020 15:59:01','11/04/2020 16:08:01','11/04/2020 16:13:01','11/04/2020 16:21:01','rider is friendly','CREDITCARD',0,5,3,0,'address 4258','WEST',10,3,6);
INSERT INTO Orders (oid,order_placed,rider_depart_for_rest,rider_arrive_rest,rider_depart_for_delivery_location,order_delivered,rider_review,payment_method,cart_fee,delivery_fee,rider_bonus,discount_amount,delivery_location,delivery_location_area,rider_id,rider_rating,cid) VALUES (106,'22/05/2020 14:40:39','22/05/2020 14:43:39','22/05/2020 14:52:39','22/05/2020 14:56:39','22/05/2020 15:06:39','rider is friendly','CREDITCARD',0,5,3,0,'address 2692','SOUTH',6,2,3);
INSERT INTO Orders (oid,order_placed,rider_depart_for_rest,rider_arrive_rest,rider_depart_for_delivery_location,order_delivered,rider_review,payment_method,cart_fee,delivery_fee,rider_bonus,discount_amount,delivery_location,delivery_location_area,rider_id,rider_rating,cid) VALUES (107,'26/05/2020 21:02:57','26/05/2020 21:04:57','26/05/2020 21:10:57','26/05/2020 21:12:57','26/05/2020 21:22:57','rider is friendly','CASHONDELIVERY',0,5,3,0,'address 8512','SOUTH',8,5,1);
INSERT INTO Orders (oid,order_placed,rider_depart_for_rest,rider_arrive_rest,rider_depart_for_delivery_location,order_delivered,rider_review,payment_method,cart_fee,delivery_fee,rider_bonus,discount_amount,delivery_location,delivery_location_area,rider_id,rider_rating,cid) VALUES (108,'10/05/2020 17:58:53','10/05/2020 17:59:53','10/05/2020 18:05:53','10/05/2020 18:08:53','10/05/2020 18:14:53','rider is friendly','CREDITCARD',0,5,3,0,'address 7575','NORTH',4,3,4);
INSERT INTO Orders (oid,order_placed,rider_depart_for_rest,rider_arrive_rest,rider_depart_for_delivery_location,order_delivered,rider_review,payment_method,cart_fee,delivery_fee,rider_bonus,discount_amount,delivery_location,delivery_location_area,rider_id,rider_rating,cid) VALUES (109,'19/05/2020 14:20:52','19/05/2020 14:21:52','19/05/2020 14:29:52','19/05/2020 14:31:52','19/05/2020 14:40:52','rider is friendly','CASHONDELIVERY',0,5,3,0,'address 5719','NORTH',8,1,17);
INSERT INTO Orders (oid,order_placed,rider_depart_for_rest,rider_arrive_rest,rider_depart_for_delivery_location,order_delivered,rider_review,payment_method,cart_fee,delivery_fee,rider_bonus,discount_amount,delivery_location,delivery_location_area,rider_id,rider_rating,cid) VALUES (110,'08/05/2020 12:58:39','08/05/2020 12:59:39','08/05/2020 13:05:39','08/05/2020 13:15:39','08/05/2020 13:20:39','rider is friendly','CREDITCARD',0,5,3,0,'address 8940','WEST',5,5,10);
INSERT INTO Orders (oid,order_placed,rider_depart_for_rest,rider_arrive_rest,rider_depart_for_delivery_location,order_delivered,rider_review,payment_method,cart_fee,delivery_fee,rider_bonus,discount_amount,delivery_location,delivery_location_area,rider_id,rider_rating,cid) VALUES (111,'29/04/2020 11:00:41','29/04/2020 11:03:41','29/04/2020 11:08:41','29/04/2020 11:16:41','29/04/2020 11:26:41','rider is friendly','CREDITCARD',0,5,3,0,'address 104','NORTH',14,5,8);
INSERT INTO Orders (oid,order_placed,rider_depart_for_rest,rider_arrive_rest,rider_depart_for_delivery_location,order_delivered,rider_review,payment_method,cart_fee,delivery_fee,rider_bonus,discount_amount,delivery_location,delivery_location_area,rider_id,rider_rating,cid) VALUES (112,'12/04/2020 11:43:03','12/04/2020 11:45:03','12/04/2020 11:51:03','12/04/2020 12:02:03','12/04/2020 12:08:03','rider is friendly','CASHONDELIVERY',0,5,3,0,'address 8057','NORTH',5,1,20);
INSERT INTO Orders (oid,order_placed,rider_depart_for_rest,rider_arrive_rest,rider_depart_for_delivery_location,order_delivered,rider_review,payment_method,cart_fee,delivery_fee,rider_bonus,discount_amount,delivery_location,delivery_location_area,rider_id,rider_rating,cid) VALUES (113,'27/05/2020 16:35:50','27/05/2020 16:36:50','27/05/2020 16:41:50','27/05/2020 16:52:50','27/05/2020 16:57:50','rider is friendly','CREDITCARD',0,5,3,0,'address 9366','CENTRAL',10,3,11);
INSERT INTO Orders (oid,order_placed,rider_depart_for_rest,rider_arrive_rest,rider_depart_for_delivery_location,order_delivered,rider_review,payment_method,cart_fee,delivery_fee,rider_bonus,discount_amount,delivery_location,delivery_location_area,rider_id,rider_rating,cid) VALUES (114,'10/05/2020 12:47:39','10/05/2020 12:49:39','10/05/2020 12:56:39','10/05/2020 13:03:39','10/05/2020 13:09:39','rider is friendly','CREDITCARD',0,5,3,0,'address 3825','EAST',1,5,17);
INSERT INTO Orders (oid,order_placed,rider_depart_for_rest,rider_arrive_rest,rider_depart_for_delivery_location,order_delivered,rider_review,payment_method,cart_fee,delivery_fee,rider_bonus,discount_amount,delivery_location,delivery_location_area,rider_id,rider_rating,cid) VALUES (115,'04/05/2020 14:24:24','04/05/2020 14:27:24','04/05/2020 14:35:24','04/05/2020 14:42:24','04/05/2020 14:49:24','rider is friendly','CREDITCARD',0,5,3,0,'address 3531','WEST',5,1,19);
INSERT INTO Orders (oid,order_placed,rider_depart_for_rest,rider_arrive_rest,rider_depart_for_delivery_location,order_delivered,rider_review,payment_method,cart_fee,delivery_fee,rider_bonus,discount_amount,delivery_location,delivery_location_area,rider_id,rider_rating,cid) VALUES (116,'02/05/2020 11:02:09','02/05/2020 11:03:09','02/05/2020 11:10:09','02/05/2020 11:21:09','02/05/2020 11:26:09','rider is friendly','CREDITCARD',0,5,3,0,'address 9546','CENTRAL',14,5,7);
INSERT INTO Orders (oid,order_placed,rider_depart_for_rest,rider_arrive_rest,rider_depart_for_delivery_location,order_delivered,rider_review,payment_method,cart_fee,delivery_fee,rider_bonus,discount_amount,delivery_location,delivery_location_area,rider_id,rider_rating,cid) VALUES (117,'20/04/2020 12:25:16','20/04/2020 12:26:16','20/04/2020 12:35:16','20/04/2020 12:37:16','20/04/2020 12:42:16','rider is friendly','CASHONDELIVERY',0,5,3,0,'address 5670','EAST',18,3,8);
INSERT INTO Orders (oid,order_placed,rider_depart_for_rest,rider_arrive_rest,rider_depart_for_delivery_location,order_delivered,rider_review,payment_method,cart_fee,delivery_fee,rider_bonus,discount_amount,delivery_location,delivery_location_area,rider_id,rider_rating,cid) VALUES (118,'04/05/2020 15:37:17','04/05/2020 15:40:17','04/05/2020 15:45:17','04/05/2020 15:49:17','04/05/2020 15:54:17','rider is friendly','CREDITCARD',0,5,3,0,'address 1787','EAST',3,4,6);
INSERT INTO Orders (oid,order_placed,rider_depart_for_rest,rider_arrive_rest,rider_depart_for_delivery_location,order_delivered,rider_review,payment_method,cart_fee,delivery_fee,rider_bonus,discount_amount,delivery_location,delivery_location_area,rider_id,rider_rating,cid) VALUES (119,'05/05/2020 18:00:56','05/05/2020 18:01:56','05/05/2020 18:08:56','05/05/2020 18:19:56','05/05/2020 18:25:56','rider is friendly','CASHONDELIVERY',0,5,3,0,'address 6497','CENTRAL',1,2,6);
INSERT INTO Orders (oid,order_placed,rider_depart_for_rest,rider_arrive_rest,rider_depart_for_delivery_location,order_delivered,rider_review,payment_method,cart_fee,delivery_fee,rider_bonus,discount_amount,delivery_location,delivery_location_area,rider_id,rider_rating,cid) VALUES (120,'26/05/2020 15:10:11','26/05/2020 15:13:11','26/05/2020 15:22:11','26/05/2020 15:23:11','26/05/2020 15:29:11','rider is friendly','CREDITCARD',0,5,3,0,'address 9943','EAST',15,4,11);
INSERT INTO Orders (oid,order_placed,rider_depart_for_rest,rider_arrive_rest,rider_depart_for_delivery_location,order_delivered,rider_review,payment_method,cart_fee,delivery_fee,rider_bonus,discount_amount,delivery_location,delivery_location_area,rider_id,rider_rating,cid) VALUES (121,'11/05/2020 16:31:01','11/05/2020 16:32:01','11/05/2020 16:42:01','11/05/2020 16:42:01','11/05/2020 16:50:01','rider is friendly','CREDITCARD',0,5,3,0,'address 7739','NORTH',10,5,9);
INSERT INTO Orders (oid,order_placed,rider_depart_for_rest,rider_arrive_rest,rider_depart_for_delivery_location,order_delivered,rider_review,payment_method,cart_fee,delivery_fee,rider_bonus,discount_amount,delivery_location,delivery_location_area,rider_id,rider_rating,cid) VALUES (122,'09/05/2020 15:40:48','09/05/2020 15:41:48','09/05/2020 15:46:48','09/05/2020 15:54:48','09/05/2020 16:01:48','rider is friendly','CREDITCARD',0,5,3,0,'address 253','CENTRAL',11,5,5);
INSERT INTO Orders (oid,order_placed,rider_depart_for_rest,rider_arrive_rest,rider_depart_for_delivery_location,order_delivered,rider_review,payment_method,cart_fee,delivery_fee,rider_bonus,discount_amount,delivery_location,delivery_location_area,rider_id,rider_rating,cid) VALUES (123,'02/05/2020 17:55:46','02/05/2020 17:57:46','02/05/2020 18:02:46','02/05/2020 18:13:46','02/05/2020 18:18:46','rider is friendly','CREDITCARD',0,5,3,0,'address 8579','CENTRAL',16,2,7);
INSERT INTO Orders (oid,order_placed,rider_depart_for_rest,rider_arrive_rest,rider_depart_for_delivery_location,order_delivered,rider_review,payment_method,cart_fee,delivery_fee,rider_bonus,discount_amount,delivery_location,delivery_location_area,rider_id,rider_rating,cid) VALUES (124,'02/04/2020 12:34:07','02/04/2020 12:35:07','02/04/2020 12:44:07','02/04/2020 12:51:07','02/04/2020 13:00:07','rider is friendly','CREDITCARD',0,5,3,0,'address 572','WEST',19,2,13);
INSERT INTO Orders (oid,order_placed,rider_depart_for_rest,rider_arrive_rest,rider_depart_for_delivery_location,order_delivered,rider_review,payment_method,cart_fee,delivery_fee,rider_bonus,discount_amount,delivery_location,delivery_location_area,rider_id,rider_rating,cid) VALUES (125,'14/04/2020 16:14:43','14/04/2020 16:15:43','14/04/2020 16:20:43','14/04/2020 16:31:43','14/04/2020 16:37:43','rider is friendly','CASHONDELIVERY',0,5,3,0,'address 139','SOUTH',9,3,14);
INSERT INTO Orders (oid,order_placed,rider_depart_for_rest,rider_arrive_rest,rider_depart_for_delivery_location,order_delivered,rider_review,payment_method,cart_fee,delivery_fee,rider_bonus,discount_amount,delivery_location,delivery_location_area,rider_id,rider_rating,cid) VALUES (126,'26/04/2020 15:52:01','26/04/2020 15:53:01','26/04/2020 15:59:01','26/04/2020 16:10:01','26/04/2020 16:15:01','rider is friendly','CASHONDELIVERY',0,5,3,0,'address 7822','EAST',10,2,20);
INSERT INTO Orders (oid,order_placed,rider_depart_for_rest,rider_arrive_rest,rider_depart_for_delivery_location,order_delivered,rider_review,payment_method,cart_fee,delivery_fee,rider_bonus,discount_amount,delivery_location,delivery_location_area,rider_id,rider_rating,cid) VALUES (127,'16/05/2020 17:57:49','16/05/2020 17:59:49','16/05/2020 18:06:49','16/05/2020 18:10:49','16/05/2020 18:16:49','rider is friendly','CASHONDELIVERY',0,5,3,0,'address 9142','NORTH',10,5,9);
INSERT INTO Orders (oid,order_placed,rider_depart_for_rest,rider_arrive_rest,rider_depart_for_delivery_location,order_delivered,rider_review,payment_method,cart_fee,delivery_fee,rider_bonus,discount_amount,delivery_location,delivery_location_area,rider_id,rider_rating,cid) VALUES (128,'04/04/2020 19:56:21','04/04/2020 19:58:21','04/04/2020 20:05:21','04/04/2020 20:16:21','04/04/2020 20:23:21','rider is friendly','CREDITCARD',0,5,3,0,'address 7946','SOUTH',17,4,20);
INSERT INTO Orders (oid,order_placed,rider_depart_for_rest,rider_arrive_rest,rider_depart_for_delivery_location,order_delivered,rider_review,payment_method,cart_fee,delivery_fee,rider_bonus,discount_amount,delivery_location,delivery_location_area,rider_id,rider_rating,cid) VALUES (129,'24/05/2020 18:30:15','24/05/2020 18:32:15','24/05/2020 18:42:15','24/05/2020 18:50:15','24/05/2020 18:57:15','rider is friendly','CASHONDELIVERY',0,5,3,0,'address 8619','WEST',9,4,4);
INSERT INTO Orders (oid,order_placed,rider_depart_for_rest,rider_arrive_rest,rider_depart_for_delivery_location,order_delivered,rider_review,payment_method,cart_fee,delivery_fee,rider_bonus,discount_amount,delivery_location,delivery_location_area,rider_id,rider_rating,cid) VALUES (130,'04/04/2020 17:09:27','04/04/2020 17:10:27','04/04/2020 17:17:27','04/04/2020 17:27:27','04/04/2020 17:33:27','rider is friendly','CREDITCARD',0,5,3,0,'address 6470','EAST',5,2,10);
INSERT INTO Orders (oid,order_placed,rider_depart_for_rest,rider_arrive_rest,rider_depart_for_delivery_location,order_delivered,rider_review,payment_method,cart_fee,delivery_fee,rider_bonus,discount_amount,delivery_location,delivery_location_area,rider_id,rider_rating,cid) VALUES (131,'08/05/2020 10:51:16','08/05/2020 10:53:16','08/05/2020 11:01:16','08/05/2020 11:02:16','08/05/2020 11:07:16','rider is friendly','CASHONDELIVERY',0,5,3,0,'address 7725','CENTRAL',18,2,7);
INSERT INTO Orders (oid,order_placed,rider_depart_for_rest,rider_arrive_rest,rider_depart_for_delivery_location,order_delivered,rider_review,payment_method,cart_fee,delivery_fee,rider_bonus,discount_amount,delivery_location,delivery_location_area,rider_id,rider_rating,cid) VALUES (132,'23/04/2020 20:43:51','23/04/2020 20:45:51','23/04/2020 20:50:51','23/04/2020 20:56:51','23/04/2020 21:01:51','rider is friendly','CREDITCARD',0,5,3,0,'address 5295','SOUTH',9,3,16);
INSERT INTO Orders (oid,order_placed,rider_depart_for_rest,rider_arrive_rest,rider_depart_for_delivery_location,order_delivered,rider_review,payment_method,cart_fee,delivery_fee,rider_bonus,discount_amount,delivery_location,delivery_location_area,rider_id,rider_rating,cid) VALUES (133,'18/05/2020 20:38:30','18/05/2020 20:39:30','18/05/2020 20:48:30','18/05/2020 20:54:30','18/05/2020 21:03:30','rider is friendly','CREDITCARD',0,5,3,0,'address 7113','CENTRAL',8,2,11);
INSERT INTO Orders (oid,order_placed,rider_depart_for_rest,rider_arrive_rest,rider_depart_for_delivery_location,order_delivered,rider_review,payment_method,cart_fee,delivery_fee,rider_bonus,discount_amount,delivery_location,delivery_location_area,rider_id,rider_rating,cid) VALUES (134,'23/04/2020 17:48:47','23/04/2020 17:50:47','23/04/2020 17:57:47','23/04/2020 18:01:47','23/04/2020 18:08:47','rider is friendly','CASHONDELIVERY',0,5,3,0,'address 8858','SOUTH',15,5,3);
INSERT INTO Orders (oid,order_placed,rider_depart_for_rest,rider_arrive_rest,rider_depart_for_delivery_location,order_delivered,rider_review,payment_method,cart_fee,delivery_fee,rider_bonus,discount_amount,delivery_location,delivery_location_area,rider_id,rider_rating,cid) VALUES (135,'15/04/2020 17:43:34','15/04/2020 17:46:34','15/04/2020 17:56:34','15/04/2020 17:58:34','15/04/2020 18:04:34','rider is friendly','CREDITCARD',0,5,3,0,'address 4669','EAST',14,5,8);
INSERT INTO Orders (oid,order_placed,rider_depart_for_rest,rider_arrive_rest,rider_depart_for_delivery_location,order_delivered,rider_review,payment_method,cart_fee,delivery_fee,rider_bonus,discount_amount,delivery_location,delivery_location_area,rider_id,rider_rating,cid) VALUES (136,'28/05/2020 15:00:43','28/05/2020 15:01:43','28/05/2020 15:09:43','28/05/2020 15:12:43','28/05/2020 15:18:43','rider is friendly','CREDITCARD',0,5,3,0,'address 2239','WEST',7,2,17);
INSERT INTO Orders (oid,order_placed,rider_depart_for_rest,rider_arrive_rest,rider_depart_for_delivery_location,order_delivered,rider_review,payment_method,cart_fee,delivery_fee,rider_bonus,discount_amount,delivery_location,delivery_location_area,rider_id,rider_rating,cid) VALUES (137,'27/05/2020 20:15:11','27/05/2020 20:17:11','27/05/2020 20:25:11','27/05/2020 20:27:11','27/05/2020 20:36:11','rider is friendly','CREDITCARD',0,5,3,0,'address 8258','WEST',3,1,15);
INSERT INTO Orders (oid,order_placed,rider_depart_for_rest,rider_arrive_rest,rider_depart_for_delivery_location,order_delivered,rider_review,payment_method,cart_fee,delivery_fee,rider_bonus,discount_amount,delivery_location,delivery_location_area,rider_id,rider_rating,cid) VALUES (138,'15/05/2020 19:03:56','15/05/2020 19:06:56','15/05/2020 19:14:56','15/05/2020 19:20:56','15/05/2020 19:28:56','rider is friendly','CASHONDELIVERY',0,5,3,0,'address 5133','NORTH',5,1,12);
INSERT INTO Orders (oid,order_placed,rider_depart_for_rest,rider_arrive_rest,rider_depart_for_delivery_location,order_delivered,rider_review,payment_method,cart_fee,delivery_fee,rider_bonus,discount_amount,delivery_location,delivery_location_area,rider_id,rider_rating,cid) VALUES (139,'30/04/2020 20:12:00','30/04/2020 20:15:00','30/04/2020 20:23:00','30/04/2020 20:25:00','30/04/2020 20:34:00','rider is friendly','CREDITCARD',0,5,3,0,'address 9681','SOUTH',7,5,9);
INSERT INTO Orders (oid,order_placed,rider_depart_for_rest,rider_arrive_rest,rider_depart_for_delivery_location,order_delivered,rider_review,payment_method,cart_fee,delivery_fee,rider_bonus,discount_amount,delivery_location,delivery_location_area,rider_id,rider_rating,cid) VALUES (140,'22/04/2020 20:29:44','22/04/2020 20:32:44','22/04/2020 20:38:44','22/04/2020 20:46:44','22/04/2020 20:56:44','rider is friendly','CREDITCARD',0,5,3,0,'address 6205','CENTRAL',7,4,11);
INSERT INTO Orders (oid,order_placed,rider_depart_for_rest,rider_arrive_rest,rider_depart_for_delivery_location,order_delivered,rider_review,payment_method,cart_fee,delivery_fee,rider_bonus,discount_amount,delivery_location,delivery_location_area,rider_id,rider_rating,cid) VALUES (141,'09/04/2020 11:57:02','09/04/2020 11:59:02','09/04/2020 12:09:02','09/04/2020 12:11:02','09/04/2020 12:18:02','rider is friendly','CREDITCARD',0,5,3,0,'address 5356','EAST',10,1,13);
INSERT INTO Orders (oid,order_placed,rider_depart_for_rest,rider_arrive_rest,rider_depart_for_delivery_location,order_delivered,rider_review,payment_method,cart_fee,delivery_fee,rider_bonus,discount_amount,delivery_location,delivery_location_area,rider_id,rider_rating,cid) VALUES (142,'07/05/2020 19:02:12','07/05/2020 19:03:12','07/05/2020 19:12:12','07/05/2020 19:18:12','07/05/2020 19:27:12','rider is friendly','CASHONDELIVERY',0,5,3,0,'address 3744','NORTH',19,5,18);
INSERT INTO Orders (oid,order_placed,rider_depart_for_rest,rider_arrive_rest,rider_depart_for_delivery_location,order_delivered,rider_review,payment_method,cart_fee,delivery_fee,rider_bonus,discount_amount,delivery_location,delivery_location_area,rider_id,rider_rating,cid) VALUES (143,'19/04/2020 15:25:22','19/04/2020 15:26:22','19/04/2020 15:35:22','19/04/2020 15:40:22','19/04/2020 15:49:22','rider is friendly','CREDITCARD',0,5,3,0,'address 2931','WEST',3,2,15);
INSERT INTO Orders (oid,order_placed,rider_depart_for_rest,rider_arrive_rest,rider_depart_for_delivery_location,order_delivered,rider_review,payment_method,cart_fee,delivery_fee,rider_bonus,discount_amount,delivery_location,delivery_location_area,rider_id,rider_rating,cid) VALUES (144,'15/04/2020 14:42:48','15/04/2020 14:43:48','15/04/2020 14:51:48','15/04/2020 15:01:48','15/04/2020 15:08:48','rider is friendly','CASHONDELIVERY',0,5,3,0,'address 4953','CENTRAL',17,1,1);
INSERT INTO Orders (oid,order_placed,rider_depart_for_rest,rider_arrive_rest,rider_depart_for_delivery_location,order_delivered,rider_review,payment_method,cart_fee,delivery_fee,rider_bonus,discount_amount,delivery_location,delivery_location_area,rider_id,rider_rating,cid) VALUES (145,'31/05/2020 15:07:41','31/05/2020 15:08:41','31/05/2020 15:13:41','31/05/2020 15:21:41','31/05/2020 15:31:41','rider is friendly','CREDITCARD',0,5,3,0,'address 2589','WEST',19,3,17);
INSERT INTO Orders (oid,order_placed,rider_depart_for_rest,rider_arrive_rest,rider_depart_for_delivery_location,order_delivered,rider_review,payment_method,cart_fee,delivery_fee,rider_bonus,discount_amount,delivery_location,delivery_location_area,rider_id,rider_rating,cid) VALUES (146,'16/04/2020 21:03:22','16/04/2020 21:04:22','16/04/2020 21:09:22','16/04/2020 21:21:22','16/04/2020 21:27:22','rider is friendly','CREDITCARD',0,5,3,0,'address 2571','NORTH',14,3,16);
INSERT INTO Orders (oid,order_placed,rider_depart_for_rest,rider_arrive_rest,rider_depart_for_delivery_location,order_delivered,rider_review,payment_method,cart_fee,delivery_fee,rider_bonus,discount_amount,delivery_location,delivery_location_area,rider_id,rider_rating,cid) VALUES (147,'10/04/2020 20:34:59','10/04/2020 20:35:59','10/04/2020 20:42:59','10/04/2020 20:45:59','10/04/2020 20:50:59','rider is friendly','CREDITCARD',0,5,3,0,'address 2960','SOUTH',19,5,6);
INSERT INTO Orders (oid,order_placed,rider_depart_for_rest,rider_arrive_rest,rider_depart_for_delivery_location,order_delivered,rider_review,payment_method,cart_fee,delivery_fee,rider_bonus,discount_amount,delivery_location,delivery_location_area,rider_id,rider_rating,cid) VALUES (148,'05/05/2020 11:45:52','05/05/2020 11:46:52','05/05/2020 11:52:52','05/05/2020 11:58:52','05/05/2020 12:03:52','rider is friendly','CASHONDELIVERY',0,5,3,0,'address 3131','EAST',17,1,4);
INSERT INTO Orders (oid,order_placed,rider_depart_for_rest,rider_arrive_rest,rider_depart_for_delivery_location,order_delivered,rider_review,payment_method,cart_fee,delivery_fee,rider_bonus,discount_amount,delivery_location,delivery_location_area,rider_id,rider_rating,cid) VALUES (149,'05/04/2020 13:08:31','05/04/2020 13:10:31','05/04/2020 13:17:31','05/04/2020 13:22:31','05/04/2020 13:31:31','rider is friendly','CASHONDELIVERY',0,5,3,0,'address 3278','CENTRAL',18,2,12);
INSERT INTO Orders (oid,order_placed,rider_depart_for_rest,rider_arrive_rest,rider_depart_for_delivery_location,order_delivered,rider_review,payment_method,cart_fee,delivery_fee,rider_bonus,discount_amount,delivery_location,delivery_location_area,rider_id,rider_rating,cid) VALUES (150,'06/05/2020 21:22:16','06/05/2020 21:24:16','06/05/2020 21:33:16','06/05/2020 21:32:16','06/05/2020 21:38:16','rider is friendly','CASHONDELIVERY',0,5,3,0,'address 6215','CENTRAL',17,2,7);
INSERT INTO Orders (oid,order_placed,rider_depart_for_rest,rider_arrive_rest,rider_depart_for_delivery_location,order_delivered,rider_review,payment_method,cart_fee,delivery_fee,rider_bonus,discount_amount,delivery_location,delivery_location_area,rider_id,rider_rating,cid) VALUES (151,'12/04/2020 17:01:57','12/04/2020 17:03:57','12/04/2020 17:10:57','12/04/2020 17:20:57','12/04/2020 17:30:57','rider is friendly','CASHONDELIVERY',0,5,3,0,'address 2944','CENTRAL',1,3,5);
INSERT INTO Orders (oid,order_placed,rider_depart_for_rest,rider_arrive_rest,rider_depart_for_delivery_location,order_delivered,rider_review,payment_method,cart_fee,delivery_fee,rider_bonus,discount_amount,delivery_location,delivery_location_area,rider_id,rider_rating,cid) VALUES (152,'31/05/2020 15:47:56','31/05/2020 15:48:56','31/05/2020 15:55:56','31/05/2020 16:02:56','31/05/2020 16:07:56','rider is friendly','CASHONDELIVERY',0,5,3,0,'address 1045','SOUTH',6,1,4);
INSERT INTO Orders (oid,order_placed,rider_depart_for_rest,rider_arrive_rest,rider_depart_for_delivery_location,order_delivered,rider_review,payment_method,cart_fee,delivery_fee,rider_bonus,discount_amount,delivery_location,delivery_location_area,rider_id,rider_rating,cid) VALUES (153,'18/05/2020 10:38:56','18/05/2020 10:39:56','18/05/2020 10:44:56','18/05/2020 10:58:56','18/05/2020 11:08:56','rider is friendly','CREDITCARD',0,5,3,0,'address 182','CENTRAL',18,2,18);
INSERT INTO Orders (oid,order_placed,rider_depart_for_rest,rider_arrive_rest,rider_depart_for_delivery_location,order_delivered,rider_review,payment_method,cart_fee,delivery_fee,rider_bonus,discount_amount,delivery_location,delivery_location_area,rider_id,rider_rating,cid) VALUES (154,'23/04/2020 21:06:06','23/04/2020 21:09:06','23/04/2020 21:18:06','23/04/2020 21:24:06','23/04/2020 21:32:06','rider is friendly','CASHONDELIVERY',0,5,3,0,'address 8563','SOUTH',16,5,14);
INSERT INTO Orders (oid,order_placed,rider_depart_for_rest,rider_arrive_rest,rider_depart_for_delivery_location,order_delivered,rider_review,payment_method,cart_fee,delivery_fee,rider_bonus,discount_amount,delivery_location,delivery_location_area,rider_id,rider_rating,cid) VALUES (155,'30/05/2020 16:13:29','30/05/2020 16:14:29','30/05/2020 16:22:29','30/05/2020 16:30:29','30/05/2020 16:37:29','rider is friendly','CREDITCARD',0,5,3,0,'address 5309','EAST',8,1,9);
INSERT INTO Orders (oid,order_placed,rider_depart_for_rest,rider_arrive_rest,rider_depart_for_delivery_location,order_delivered,rider_review,payment_method,cart_fee,delivery_fee,rider_bonus,discount_amount,delivery_location,delivery_location_area,rider_id,rider_rating,cid) VALUES (156,'08/04/2020 13:29:11','08/04/2020 13:31:11','08/04/2020 13:40:11','08/04/2020 13:48:11','08/04/2020 13:56:11','rider is friendly','CASHONDELIVERY',0,5,3,0,'address 5258','SOUTH',5,2,8);
INSERT INTO Orders (oid,order_placed,rider_depart_for_rest,rider_arrive_rest,rider_depart_for_delivery_location,order_delivered,rider_review,payment_method,cart_fee,delivery_fee,rider_bonus,discount_amount,delivery_location,delivery_location_area,rider_id,rider_rating,cid) VALUES (157,'05/04/2020 16:57:07','05/04/2020 16:59:07','05/04/2020 17:04:07','05/04/2020 17:10:07','05/04/2020 17:16:07','rider is friendly','CREDITCARD',0,5,3,0,'address 4007','CENTRAL',4,5,18);
INSERT INTO Orders (oid,order_placed,rider_depart_for_rest,rider_arrive_rest,rider_depart_for_delivery_location,order_delivered,rider_review,payment_method,cart_fee,delivery_fee,rider_bonus,discount_amount,delivery_location,delivery_location_area,rider_id,rider_rating,cid) VALUES (158,'18/05/2020 11:37:05','18/05/2020 11:38:05','18/05/2020 11:48:05','18/05/2020 11:53:05','18/05/2020 11:58:05','rider is friendly','CASHONDELIVERY',0,5,3,0,'address 6835','EAST',3,5,15);
INSERT INTO Orders (oid,order_placed,rider_depart_for_rest,rider_arrive_rest,rider_depart_for_delivery_location,order_delivered,rider_review,payment_method,cart_fee,delivery_fee,rider_bonus,discount_amount,delivery_location,delivery_location_area,rider_id,rider_rating,cid) VALUES (159,'09/04/2020 18:23:47','09/04/2020 18:24:47','09/04/2020 18:32:47','09/04/2020 18:33:47','09/04/2020 18:42:47','rider is friendly','CASHONDELIVERY',0,5,3,0,'address 8205','NORTH',7,2,16);
INSERT INTO Orders (oid,order_placed,rider_depart_for_rest,rider_arrive_rest,rider_depart_for_delivery_location,order_delivered,rider_review,payment_method,cart_fee,delivery_fee,rider_bonus,discount_amount,delivery_location,delivery_location_area,rider_id,rider_rating,cid) VALUES (160,'16/05/2020 10:05:59','16/05/2020 10:08:59','16/05/2020 10:13:59','16/05/2020 10:23:59','16/05/2020 10:28:59','rider is friendly','CASHONDELIVERY',0,5,3,0,'address 4416','SOUTH',1,3,19);
INSERT INTO Orders (oid,order_placed,rider_depart_for_rest,rider_arrive_rest,rider_depart_for_delivery_location,order_delivered,rider_review,payment_method,cart_fee,delivery_fee,rider_bonus,discount_amount,delivery_location,delivery_location_area,rider_id,rider_rating,cid) VALUES (161,'07/04/2020 18:12:51','07/04/2020 18:14:51','07/04/2020 18:19:51','07/04/2020 18:25:51','07/04/2020 18:34:51','rider is friendly','CREDITCARD',0,5,3,0,'address 7019','NORTH',11,1,19);
INSERT INTO Orders (oid,order_placed,rider_depart_for_rest,rider_arrive_rest,rider_depart_for_delivery_location,order_delivered,rider_review,payment_method,cart_fee,delivery_fee,rider_bonus,discount_amount,delivery_location,delivery_location_area,rider_id,rider_rating,cid) VALUES (162,'22/05/2020 11:06:36','22/05/2020 11:07:36','22/05/2020 11:12:36','22/05/2020 11:24:36','22/05/2020 11:34:36','rider is friendly','CASHONDELIVERY',0,5,3,0,'address 3273','NORTH',8,3,19);
INSERT INTO Orders (oid,order_placed,rider_depart_for_rest,rider_arrive_rest,rider_depart_for_delivery_location,order_delivered,rider_review,payment_method,cart_fee,delivery_fee,rider_bonus,discount_amount,delivery_location,delivery_location_area,rider_id,rider_rating,cid) VALUES (163,'17/05/2020 20:58:38','17/05/2020 21:01:38','17/05/2020 21:07:38','17/05/2020 21:09:38','17/05/2020 21:19:38','rider is friendly','CASHONDELIVERY',0,5,3,0,'address 5223','SOUTH',1,2,2);
INSERT INTO Orders (oid,order_placed,rider_depart_for_rest,rider_arrive_rest,rider_depart_for_delivery_location,order_delivered,rider_review,payment_method,cart_fee,delivery_fee,rider_bonus,discount_amount,delivery_location,delivery_location_area,rider_id,rider_rating,cid) VALUES (164,'16/05/2020 18:41:26','16/05/2020 18:42:26','16/05/2020 18:50:26','16/05/2020 18:59:26','16/05/2020 19:09:26','rider is friendly','CASHONDELIVERY',0,5,3,0,'address 831','WEST',8,1,15);
INSERT INTO Orders (oid,order_placed,rider_depart_for_rest,rider_arrive_rest,rider_depart_for_delivery_location,order_delivered,rider_review,payment_method,cart_fee,delivery_fee,rider_bonus,discount_amount,delivery_location,delivery_location_area,rider_id,rider_rating,cid) VALUES (165,'31/05/2020 12:07:22','31/05/2020 12:08:22','31/05/2020 12:14:22','31/05/2020 12:19:22','31/05/2020 12:29:22','rider is friendly','CREDITCARD',0,5,3,0,'address 9410','WEST',15,4,7);
INSERT INTO Orders (oid,order_placed,rider_depart_for_rest,rider_arrive_rest,rider_depart_for_delivery_location,order_delivered,rider_review,payment_method,cart_fee,delivery_fee,rider_bonus,discount_amount,delivery_location,delivery_location_area,rider_id,rider_rating,cid) VALUES (166,'06/04/2020 11:46:51','06/04/2020 11:49:51','06/04/2020 11:56:51','06/04/2020 12:04:51','06/04/2020 12:14:51','rider is friendly','CASHONDELIVERY',0,5,3,0,'address 7234','WEST',6,2,8);
INSERT INTO Orders (oid,order_placed,rider_depart_for_rest,rider_arrive_rest,rider_depart_for_delivery_location,order_delivered,rider_review,payment_method,cart_fee,delivery_fee,rider_bonus,discount_amount,delivery_location,delivery_location_area,rider_id,rider_rating,cid) VALUES (167,'25/04/2020 12:34:33','25/04/2020 12:37:33','25/04/2020 12:45:33','25/04/2020 12:52:33','25/04/2020 13:01:33','rider is friendly','CASHONDELIVERY',0,5,3,0,'address 9004','SOUTH',8,2,20);
INSERT INTO Orders (oid,order_placed,rider_depart_for_rest,rider_arrive_rest,rider_depart_for_delivery_location,order_delivered,rider_review,payment_method,cart_fee,delivery_fee,rider_bonus,discount_amount,delivery_location,delivery_location_area,rider_id,rider_rating,cid) VALUES (168,'05/05/2020 20:17:04','05/05/2020 20:20:04','05/05/2020 20:25:04','05/05/2020 20:32:04','05/05/2020 20:38:04','rider is friendly','CASHONDELIVERY',0,5,3,0,'address 2733','WEST',16,4,14);
INSERT INTO Orders (oid,order_placed,rider_depart_for_rest,rider_arrive_rest,rider_depart_for_delivery_location,order_delivered,rider_review,payment_method,cart_fee,delivery_fee,rider_bonus,discount_amount,delivery_location,delivery_location_area,rider_id,rider_rating,cid) VALUES (169,'25/04/2020 16:34:05','25/04/2020 16:36:05','25/04/2020 16:44:05','25/04/2020 16:46:05','25/04/2020 16:56:05','rider is friendly','CREDITCARD',0,5,3,0,'address 3641','CENTRAL',13,3,16);
INSERT INTO Orders (oid,order_placed,rider_depart_for_rest,rider_arrive_rest,rider_depart_for_delivery_location,order_delivered,rider_review,payment_method,cart_fee,delivery_fee,rider_bonus,discount_amount,delivery_location,delivery_location_area,rider_id,rider_rating,cid) VALUES (170,'07/05/2020 20:53:42','07/05/2020 20:55:42','07/05/2020 21:02:42','07/05/2020 21:08:42','07/05/2020 21:16:42','rider is friendly','CASHONDELIVERY',0,5,3,0,'address 8242','CENTRAL',18,1,17);
INSERT INTO Orders (oid,order_placed,rider_depart_for_rest,rider_arrive_rest,rider_depart_for_delivery_location,order_delivered,rider_review,payment_method,cart_fee,delivery_fee,rider_bonus,discount_amount,delivery_location,delivery_location_area,rider_id,rider_rating,cid) VALUES (171,'07/05/2020 12:16:59','07/05/2020 12:18:59','07/05/2020 12:27:59','07/05/2020 12:34:59','07/05/2020 12:42:59','rider is friendly','CASHONDELIVERY',0,5,3,0,'address 3228','SOUTH',18,5,10);
INSERT INTO Orders (oid,order_placed,rider_depart_for_rest,rider_arrive_rest,rider_depart_for_delivery_location,order_delivered,rider_review,payment_method,cart_fee,delivery_fee,rider_bonus,discount_amount,delivery_location,delivery_location_area,rider_id,rider_rating,cid) VALUES (172,'07/05/2020 14:51:21','07/05/2020 14:54:21','07/05/2020 15:01:21','07/05/2020 15:09:21','07/05/2020 15:17:21','rider is friendly','CASHONDELIVERY',0,5,3,0,'address 1072','EAST',16,4,15);
INSERT INTO Orders (oid,order_placed,rider_depart_for_rest,rider_arrive_rest,rider_depart_for_delivery_location,order_delivered,rider_review,payment_method,cart_fee,delivery_fee,rider_bonus,discount_amount,delivery_location,delivery_location_area,rider_id,rider_rating,cid) VALUES (173,'04/04/2020 16:55:18','04/04/2020 16:56:18','04/04/2020 17:01:18','04/04/2020 17:06:18','04/04/2020 17:11:18','rider is friendly','CREDITCARD',0,5,3,0,'address 3610','NORTH',14,2,9);
INSERT INTO Orders (oid,order_placed,rider_depart_for_rest,rider_arrive_rest,rider_depart_for_delivery_location,order_delivered,rider_review,payment_method,cart_fee,delivery_fee,rider_bonus,discount_amount,delivery_location,delivery_location_area,rider_id,rider_rating,cid) VALUES (174,'14/04/2020 19:01:12','14/04/2020 19:03:12','14/04/2020 19:13:12','14/04/2020 19:14:12','14/04/2020 19:21:12','rider is friendly','CASHONDELIVERY',0,5,3,0,'address 4856','CENTRAL',5,4,18);
INSERT INTO Orders (oid,order_placed,rider_depart_for_rest,rider_arrive_rest,rider_depart_for_delivery_location,order_delivered,rider_review,payment_method,cart_fee,delivery_fee,rider_bonus,discount_amount,delivery_location,delivery_location_area,rider_id,rider_rating,cid) VALUES (175,'18/05/2020 13:13:08','18/05/2020 13:16:08','18/05/2020 13:24:08','18/05/2020 13:30:08','18/05/2020 13:36:08','rider is friendly','CREDITCARD',0,5,3,0,'address 4756','NORTH',4,4,11);
INSERT INTO Orders (oid,order_placed,rider_depart_for_rest,rider_arrive_rest,rider_depart_for_delivery_location,order_delivered,rider_review,payment_method,cart_fee,delivery_fee,rider_bonus,discount_amount,delivery_location,delivery_location_area,rider_id,rider_rating,cid) VALUES (176,'05/04/2020 18:58:50','05/04/2020 19:00:50','05/04/2020 19:05:50','05/04/2020 19:14:50','05/04/2020 19:23:50','rider is friendly','CREDITCARD',0,5,3,0,'address 3404','NORTH',15,4,19);
INSERT INTO Orders (oid,order_placed,rider_depart_for_rest,rider_arrive_rest,rider_depart_for_delivery_location,order_delivered,rider_review,payment_method,cart_fee,delivery_fee,rider_bonus,discount_amount,delivery_location,delivery_location_area,rider_id,rider_rating,cid) VALUES (177,'20/04/2020 10:15:26','20/04/2020 10:18:26','20/04/2020 10:24:26','20/04/2020 10:29:26','20/04/2020 10:35:26','rider is friendly','CREDITCARD',0,5,3,0,'address 5100','NORTH',6,3,13);
INSERT INTO Orders (oid,order_placed,rider_depart_for_rest,rider_arrive_rest,rider_depart_for_delivery_location,order_delivered,rider_review,payment_method,cart_fee,delivery_fee,rider_bonus,discount_amount,delivery_location,delivery_location_area,rider_id,rider_rating,cid) VALUES (178,'17/04/2020 13:12:58','17/04/2020 13:15:58','17/04/2020 13:23:58','17/04/2020 13:26:58','17/04/2020 13:34:58','rider is friendly','CREDITCARD',0,5,3,0,'address 4898','NORTH',2,4,14);
INSERT INTO Orders (oid,order_placed,rider_depart_for_rest,rider_arrive_rest,rider_depart_for_delivery_location,order_delivered,rider_review,payment_method,cart_fee,delivery_fee,rider_bonus,discount_amount,delivery_location,delivery_location_area,rider_id,rider_rating,cid) VALUES (179,'03/04/2020 18:56:26','03/04/2020 18:58:26','03/04/2020 19:05:26','03/04/2020 19:11:26','03/04/2020 19:18:26','rider is friendly','CREDITCARD',0,5,3,0,'address 2758','CENTRAL',2,2,5);
INSERT INTO Orders (oid,order_placed,rider_depart_for_rest,rider_arrive_rest,rider_depart_for_delivery_location,order_delivered,rider_review,payment_method,cart_fee,delivery_fee,rider_bonus,discount_amount,delivery_location,delivery_location_area,rider_id,rider_rating,cid) VALUES (180,'30/05/2020 16:41:22','30/05/2020 16:43:22','30/05/2020 16:51:22','30/05/2020 16:54:22','30/05/2020 17:01:22','rider is friendly','CREDITCARD',0,5,3,0,'address 8708','NORTH',3,3,20);
INSERT INTO Orders (oid,order_placed,rider_depart_for_rest,rider_arrive_rest,rider_depart_for_delivery_location,order_delivered,rider_review,payment_method,cart_fee,delivery_fee,rider_bonus,discount_amount,delivery_location,delivery_location_area,rider_id,rider_rating,cid) VALUES (181,'17/04/2020 16:47:03','17/04/2020 16:48:03','17/04/2020 16:54:03','17/04/2020 17:02:03','17/04/2020 17:12:03','rider is friendly','CREDITCARD',0,5,3,0,'address 594','NORTH',1,4,14);
INSERT INTO Orders (oid,order_placed,rider_depart_for_rest,rider_arrive_rest,rider_depart_for_delivery_location,order_delivered,rider_review,payment_method,cart_fee,delivery_fee,rider_bonus,discount_amount,delivery_location,delivery_location_area,rider_id,rider_rating,cid) VALUES (182,'11/04/2020 16:11:57','11/04/2020 16:12:57','11/04/2020 16:17:57','11/04/2020 16:30:57','11/04/2020 16:36:57','rider is friendly','CREDITCARD',0,5,3,0,'address 4612','WEST',17,5,9);
INSERT INTO Orders (oid,order_placed,rider_depart_for_rest,rider_arrive_rest,rider_depart_for_delivery_location,order_delivered,rider_review,payment_method,cart_fee,delivery_fee,rider_bonus,discount_amount,delivery_location,delivery_location_area,rider_id,rider_rating,cid) VALUES (183,'31/05/2020 16:47:50','31/05/2020 16:50:50','31/05/2020 17:00:50','31/05/2020 17:00:50','31/05/2020 17:06:50','rider is friendly','CREDITCARD',0,5,3,0,'address 6076','SOUTH',19,2,7);
INSERT INTO Orders (oid,order_placed,rider_depart_for_rest,rider_arrive_rest,rider_depart_for_delivery_location,order_delivered,rider_review,payment_method,cart_fee,delivery_fee,rider_bonus,discount_amount,delivery_location,delivery_location_area,rider_id,rider_rating,cid) VALUES (184,'19/04/2020 18:38:00','19/04/2020 18:40:00','19/04/2020 18:46:00','19/04/2020 18:49:00','19/04/2020 18:58:00','rider is friendly','CASHONDELIVERY',0,5,3,0,'address 9425','WEST',19,1,10);
INSERT INTO Orders (oid,order_placed,rider_depart_for_rest,rider_arrive_rest,rider_depart_for_delivery_location,order_delivered,rider_review,payment_method,cart_fee,delivery_fee,rider_bonus,discount_amount,delivery_location,delivery_location_area,rider_id,rider_rating,cid) VALUES (185,'24/05/2020 10:07:30','24/05/2020 10:09:30','24/05/2020 10:18:30','24/05/2020 10:20:30','24/05/2020 10:29:30','rider is friendly','CREDITCARD',0,5,3,0,'address 274','EAST',10,5,14);
INSERT INTO Orders (oid,order_placed,rider_depart_for_rest,rider_arrive_rest,rider_depart_for_delivery_location,order_delivered,rider_review,payment_method,cart_fee,delivery_fee,rider_bonus,discount_amount,delivery_location,delivery_location_area,rider_id,rider_rating,cid) VALUES (186,'09/05/2020 16:33:21','09/05/2020 16:34:21','09/05/2020 16:43:21','09/05/2020 16:52:21','09/05/2020 16:57:21','rider is friendly','CREDITCARD',0,5,3,0,'address 676','WEST',6,5,17);
INSERT INTO Orders (oid,order_placed,rider_depart_for_rest,rider_arrive_rest,rider_depart_for_delivery_location,order_delivered,rider_review,payment_method,cart_fee,delivery_fee,rider_bonus,discount_amount,delivery_location,delivery_location_area,rider_id,rider_rating,cid) VALUES (187,'06/05/2020 20:04:54','06/05/2020 20:06:54','06/05/2020 20:13:54','06/05/2020 20:14:54','06/05/2020 20:24:54','rider is friendly','CASHONDELIVERY',0,5,3,0,'address 4509','SOUTH',10,2,16);
INSERT INTO Orders (oid,order_placed,rider_depart_for_rest,rider_arrive_rest,rider_depart_for_delivery_location,order_delivered,rider_review,payment_method,cart_fee,delivery_fee,rider_bonus,discount_amount,delivery_location,delivery_location_area,rider_id,rider_rating,cid) VALUES (188,'25/04/2020 21:02:25','25/04/2020 21:03:25','25/04/2020 21:09:25','25/04/2020 21:18:25','25/04/2020 21:25:25','rider is friendly','CREDITCARD',0,5,3,0,'address 4080','WEST',6,2,11);
INSERT INTO Orders (oid,order_placed,rider_depart_for_rest,rider_arrive_rest,rider_depart_for_delivery_location,order_delivered,rider_review,payment_method,cart_fee,delivery_fee,rider_bonus,discount_amount,delivery_location,delivery_location_area,rider_id,rider_rating,cid) VALUES (189,'24/04/2020 11:35:17','24/04/2020 11:36:17','24/04/2020 11:41:17','24/04/2020 11:49:17','24/04/2020 11:55:17','rider is friendly','CREDITCARD',0,5,3,0,'address 7601','WEST',5,3,13);
INSERT INTO Orders (oid,order_placed,rider_depart_for_rest,rider_arrive_rest,rider_depart_for_delivery_location,order_delivered,rider_review,payment_method,cart_fee,delivery_fee,rider_bonus,discount_amount,delivery_location,delivery_location_area,rider_id,rider_rating,cid) VALUES (190,'07/04/2020 14:14:23','07/04/2020 14:16:23','07/04/2020 14:26:23','07/04/2020 14:33:23','07/04/2020 14:39:23','rider is friendly','CASHONDELIVERY',0,5,3,0,'address 6616','NORTH',16,2,13);
INSERT INTO Orders (oid,order_placed,rider_depart_for_rest,rider_arrive_rest,rider_depart_for_delivery_location,order_delivered,rider_review,payment_method,cart_fee,delivery_fee,rider_bonus,discount_amount,delivery_location,delivery_location_area,rider_id,rider_rating,cid) VALUES (191,'24/05/2020 19:33:37','24/05/2020 19:36:37','24/05/2020 19:41:37','24/05/2020 19:47:37','24/05/2020 19:55:37','rider is friendly','CASHONDELIVERY',0,5,3,0,'address 3464','CENTRAL',12,4,19);
INSERT INTO Orders (oid,order_placed,rider_depart_for_rest,rider_arrive_rest,rider_depart_for_delivery_location,order_delivered,rider_review,payment_method,cart_fee,delivery_fee,rider_bonus,discount_amount,delivery_location,delivery_location_area,rider_id,rider_rating,cid) VALUES (192,'09/04/2020 18:38:06','09/04/2020 18:39:06','09/04/2020 18:49:06','09/04/2020 18:53:06','09/04/2020 18:58:06','rider is friendly','CASHONDELIVERY',0,5,3,0,'address 1436','NORTH',20,4,4);
INSERT INTO Orders (oid,order_placed,rider_depart_for_rest,rider_arrive_rest,rider_depart_for_delivery_location,order_delivered,rider_review,payment_method,cart_fee,delivery_fee,rider_bonus,discount_amount,delivery_location,delivery_location_area,rider_id,rider_rating,cid) VALUES (193,'07/05/2020 10:40:09','07/05/2020 10:42:09','07/05/2020 10:50:09','07/05/2020 10:51:09','07/05/2020 10:56:09','rider is friendly','CREDITCARD',0,5,3,0,'address 5824','NORTH',7,1,13);
INSERT INTO Orders (oid,order_placed,rider_depart_for_rest,rider_arrive_rest,rider_depart_for_delivery_location,order_delivered,rider_review,payment_method,cart_fee,delivery_fee,rider_bonus,discount_amount,delivery_location,delivery_location_area,rider_id,rider_rating,cid) VALUES (194,'16/05/2020 20:06:00','16/05/2020 20:09:00','16/05/2020 20:17:00','16/05/2020 20:17:00','16/05/2020 20:27:00','rider is friendly','CREDITCARD',0,5,3,0,'address 6213','NORTH',5,5,6);
INSERT INTO Orders (oid,order_placed,rider_depart_for_rest,rider_arrive_rest,rider_depart_for_delivery_location,order_delivered,rider_review,payment_method,cart_fee,delivery_fee,rider_bonus,discount_amount,delivery_location,delivery_location_area,rider_id,rider_rating,cid) VALUES (195,'15/04/2020 12:16:53','15/04/2020 12:18:53','15/04/2020 12:25:53','15/04/2020 12:36:53','15/04/2020 12:45:53','rider is friendly','CASHONDELIVERY',0,5,3,0,'address 5374','WEST',18,4,19);
INSERT INTO Orders (oid,order_placed,rider_depart_for_rest,rider_arrive_rest,rider_depart_for_delivery_location,order_delivered,rider_review,payment_method,cart_fee,delivery_fee,rider_bonus,discount_amount,delivery_location,delivery_location_area,rider_id,rider_rating,cid) VALUES (196,'18/04/2020 10:50:26','18/04/2020 10:51:26','18/04/2020 11:01:26','18/04/2020 11:06:26','18/04/2020 11:14:26','rider is friendly','CASHONDELIVERY',0,5,3,0,'address 2904','EAST',3,4,2);
INSERT INTO Orders (oid,order_placed,rider_depart_for_rest,rider_arrive_rest,rider_depart_for_delivery_location,order_delivered,rider_review,payment_method,cart_fee,delivery_fee,rider_bonus,discount_amount,delivery_location,delivery_location_area,rider_id,rider_rating,cid) VALUES (197,'22/05/2020 19:33:35','22/05/2020 19:36:35','22/05/2020 19:41:35','22/05/2020 19:44:35','22/05/2020 19:53:35','rider is friendly','CREDITCARD',0,5,3,0,'address 3384','WEST',9,3,17);
INSERT INTO Orders (oid,order_placed,rider_depart_for_rest,rider_arrive_rest,rider_depart_for_delivery_location,order_delivered,rider_review,payment_method,cart_fee,delivery_fee,rider_bonus,discount_amount,delivery_location,delivery_location_area,rider_id,rider_rating,cid) VALUES (198,'05/05/2020 18:13:57','05/05/2020 18:14:57','05/05/2020 18:24:57','05/05/2020 18:28:57','05/05/2020 18:36:57','rider is friendly','CASHONDELIVERY',0,5,3,0,'address 6743','NORTH',19,1,11);
INSERT INTO Orders (oid,order_placed,rider_depart_for_rest,rider_arrive_rest,rider_depart_for_delivery_location,order_delivered,rider_review,payment_method,cart_fee,delivery_fee,rider_bonus,discount_amount,delivery_location,delivery_location_area,rider_id,rider_rating,cid) VALUES (199,'15/04/2020 12:35:25','15/04/2020 12:37:25','15/04/2020 12:46:25','15/04/2020 12:50:25','15/04/2020 12:56:25','rider is friendly','CREDITCARD',0,5,3,0,'address 4154','NORTH',4,1,13);
INSERT INTO Orders (oid,order_placed,rider_depart_for_rest,rider_arrive_rest,rider_depart_for_delivery_location,order_delivered,rider_review,payment_method,cart_fee,delivery_fee,rider_bonus,discount_amount,delivery_location,delivery_location_area,rider_id,rider_rating,cid) VALUES (200,'25/05/2020 13:20:50','25/05/2020 13:22:50','25/05/2020 13:30:50','25/05/2020 13:38:50','25/05/2020 13:46:50','rider is friendly','CREDITCARD',0,5,3,0,'address 9065','CENTRAL',3,5,14);







INSERT INTO ShoppingCarts (oid,fid,quantity,fname,food_price_purchased) VALUES (153,135,2,'food 135',2);
INSERT INTO ShoppingCarts (oid,fid,quantity,fname,food_price_purchased) VALUES (145,149,3,'food 149',5);
INSERT INTO ShoppingCarts (oid,fid,quantity,fname,food_price_purchased) VALUES (131,141,2,'food 141',8);
INSERT INTO ShoppingCarts (oid,fid,quantity,fname,food_price_purchased) VALUES (142,14,3,'food 14',9);
INSERT INTO ShoppingCarts (oid,fid,quantity,fname,food_price_purchased) VALUES (53,122,1,'food 122',10);
INSERT INTO ShoppingCarts (oid,fid,quantity,fname,food_price_purchased) VALUES (166,123,3,'food 123',9);
INSERT INTO ShoppingCarts (oid,fid,quantity,fname,food_price_purchased) VALUES (129,104,2,'food 104',2);
INSERT INTO ShoppingCarts (oid,fid,quantity,fname,food_price_purchased) VALUES (3,103,3,'food 103',9);
INSERT INTO ShoppingCarts (oid,fid,quantity,fname,food_price_purchased) VALUES (155,6,1,'food 6',11);
INSERT INTO ShoppingCarts (oid,fid,quantity,fname,food_price_purchased) VALUES (36,159,2,'food 159',3);
INSERT INTO ShoppingCarts (oid,fid,quantity,fname,food_price_purchased) VALUES (156,65,3,'food 65',9);
INSERT INTO ShoppingCarts (oid,fid,quantity,fname,food_price_purchased) VALUES (91,132,1,'food 132',4);
INSERT INTO ShoppingCarts (oid,fid,quantity,fname,food_price_purchased) VALUES (24,60,3,'food 60',14);
INSERT INTO ShoppingCarts (oid,fid,quantity,fname,food_price_purchased) VALUES (165,139,2,'food 139',10);
INSERT INTO ShoppingCarts (oid,fid,quantity,fname,food_price_purchased) VALUES (197,15,1,'food 15',9);
INSERT INTO ShoppingCarts (oid,fid,quantity,fname,food_price_purchased) VALUES (156,125,2,'food 125',7);
INSERT INTO ShoppingCarts (oid,fid,quantity,fname,food_price_purchased) VALUES (185,144,3,'food 144',13);
INSERT INTO ShoppingCarts (oid,fid,quantity,fname,food_price_purchased) VALUES (159,169,3,'food 169',8);
INSERT INTO ShoppingCarts (oid,fid,quantity,fname,food_price_purchased) VALUES (45,38,1,'food 38',4);
INSERT INTO ShoppingCarts (oid,fid,quantity,fname,food_price_purchased) VALUES (125,101,3,'food 101',3);
INSERT INTO ShoppingCarts (oid,fid,quantity,fname,food_price_purchased) VALUES (135,53,2,'food 53',6);
INSERT INTO ShoppingCarts (oid,fid,quantity,fname,food_price_purchased) VALUES (121,104,1,'food 104',2);
INSERT INTO ShoppingCarts (oid,fid,quantity,fname,food_price_purchased) VALUES (42,65,1,'food 65',9);
INSERT INTO ShoppingCarts (oid,fid,quantity,fname,food_price_purchased) VALUES (99,152,1,'food 152',8);
INSERT INTO ShoppingCarts (oid,fid,quantity,fname,food_price_purchased) VALUES (75,67,2,'food 67',2);
INSERT INTO ShoppingCarts (oid,fid,quantity,fname,food_price_purchased) VALUES (134,127,1,'food 127',12);
INSERT INTO ShoppingCarts (oid,fid,quantity,fname,food_price_purchased) VALUES (115,188,2,'food 188',15);
INSERT INTO ShoppingCarts (oid,fid,quantity,fname,food_price_purchased) VALUES (1,123,1,'food 123',9);
INSERT INTO ShoppingCarts (oid,fid,quantity,fname,food_price_purchased) VALUES (124,61,2,'food 61',13);
INSERT INTO ShoppingCarts (oid,fid,quantity,fname,food_price_purchased) VALUES (80,140,1,'food 140',9);
INSERT INTO ShoppingCarts (oid,fid,quantity,fname,food_price_purchased) VALUES (18,173,3,'food 173',4);
INSERT INTO ShoppingCarts (oid,fid,quantity,fname,food_price_purchased) VALUES (194,13,1,'food 13',11);
INSERT INTO ShoppingCarts (oid,fid,quantity,fname,food_price_purchased) VALUES (182,85,1,'food 85',14);
INSERT INTO ShoppingCarts (oid,fid,quantity,fname,food_price_purchased) VALUES (89,100,1,'food 100',10);
INSERT INTO ShoppingCarts (oid,fid,quantity,fname,food_price_purchased) VALUES (60,7,2,'food 7',10);
INSERT INTO ShoppingCarts (oid,fid,quantity,fname,food_price_purchased) VALUES (42,20,3,'food 20',2);
INSERT INTO ShoppingCarts (oid,fid,quantity,fname,food_price_purchased) VALUES (185,61,3,'food 61',13);
INSERT INTO ShoppingCarts (oid,fid,quantity,fname,food_price_purchased) VALUES (29,20,2,'food 20',2);
INSERT INTO ShoppingCarts (oid,fid,quantity,fname,food_price_purchased) VALUES (23,120,3,'food 120',9);
INSERT INTO ShoppingCarts (oid,fid,quantity,fname,food_price_purchased) VALUES (192,179,1,'food 179',11);
INSERT INTO ShoppingCarts (oid,fid,quantity,fname,food_price_purchased) VALUES (15,47,2,'food 47',9);
INSERT INTO ShoppingCarts (oid,fid,quantity,fname,food_price_purchased) VALUES (111,116,3,'food 116',4);
INSERT INTO ShoppingCarts (oid,fid,quantity,fname,food_price_purchased) VALUES (123,34,1,'food 34',13);
INSERT INTO ShoppingCarts (oid,fid,quantity,fname,food_price_purchased) VALUES (128,119,1,'food 119',12);
INSERT INTO ShoppingCarts (oid,fid,quantity,fname,food_price_purchased) VALUES (167,191,2,'food 191',11);
INSERT INTO ShoppingCarts (oid,fid,quantity,fname,food_price_purchased) VALUES (42,89,1,'food 89',7);
INSERT INTO ShoppingCarts (oid,fid,quantity,fname,food_price_purchased) VALUES (117,57,3,'food 57',8);
INSERT INTO ShoppingCarts (oid,fid,quantity,fname,food_price_purchased) VALUES (91,39,1,'food 39',5);
INSERT INTO ShoppingCarts (oid,fid,quantity,fname,food_price_purchased) VALUES (14,152,2,'food 152',8);
INSERT INTO ShoppingCarts (oid,fid,quantity,fname,food_price_purchased) VALUES (196,11,1,'food 11',2);
INSERT INTO ShoppingCarts (oid,fid,quantity,fname,food_price_purchased) VALUES (18,137,3,'food 137',7);
INSERT INTO ShoppingCarts (oid,fid,quantity,fname,food_price_purchased) VALUES (159,131,2,'food 131',7);
INSERT INTO ShoppingCarts (oid,fid,quantity,fname,food_price_purchased) VALUES (152,59,2,'food 59',2);
INSERT INTO ShoppingCarts (oid,fid,quantity,fname,food_price_purchased) VALUES (24,129,1,'food 129',4);
INSERT INTO ShoppingCarts (oid,fid,quantity,fname,food_price_purchased) VALUES (196,172,3,'food 172',2);
INSERT INTO ShoppingCarts (oid,fid,quantity,fname,food_price_purchased) VALUES (128,127,1,'food 127',12);
INSERT INTO ShoppingCarts (oid,fid,quantity,fname,food_price_purchased) VALUES (192,145,3,'food 145',9);
INSERT INTO ShoppingCarts (oid,fid,quantity,fname,food_price_purchased) VALUES (66,119,3,'food 119',12);
INSERT INTO ShoppingCarts (oid,fid,quantity,fname,food_price_purchased) VALUES (198,85,3,'food 85',14);
INSERT INTO ShoppingCarts (oid,fid,quantity,fname,food_price_purchased) VALUES (10,187,3,'food 187',9);
INSERT INTO ShoppingCarts (oid,fid,quantity,fname,food_price_purchased) VALUES (4,24,3,'food 24',12);
INSERT INTO ShoppingCarts (oid,fid,quantity,fname,food_price_purchased) VALUES (63,198,1,'food 198',7);
INSERT INTO ShoppingCarts (oid,fid,quantity,fname,food_price_purchased) VALUES (159,128,3,'food 128',14);
INSERT INTO ShoppingCarts (oid,fid,quantity,fname,food_price_purchased) VALUES (69,4,2,'food 4',14);
INSERT INTO ShoppingCarts (oid,fid,quantity,fname,food_price_purchased) VALUES (98,193,2,'food 193',11);
INSERT INTO ShoppingCarts (oid,fid,quantity,fname,food_price_purchased) VALUES (170,13,2,'food 13',11);
INSERT INTO ShoppingCarts (oid,fid,quantity,fname,food_price_purchased) VALUES (69,51,1,'food 51',9);
INSERT INTO ShoppingCarts (oid,fid,quantity,fname,food_price_purchased) VALUES (147,27,2,'food 27',10);
INSERT INTO ShoppingCarts (oid,fid,quantity,fname,food_price_purchased) VALUES (54,167,2,'food 167',12);
INSERT INTO ShoppingCarts (oid,fid,quantity,fname,food_price_purchased) VALUES (86,111,2,'food 111',15);
INSERT INTO ShoppingCarts (oid,fid,quantity,fname,food_price_purchased) VALUES (115,8,3,'food 8',3);
INSERT INTO ShoppingCarts (oid,fid,quantity,fname,food_price_purchased) VALUES (141,80,2,'food 80',12);
INSERT INTO ShoppingCarts (oid,fid,quantity,fname,food_price_purchased) VALUES (28,62,3,'food 62',2);
INSERT INTO ShoppingCarts (oid,fid,quantity,fname,food_price_purchased) VALUES (35,25,2,'food 25',6);
INSERT INTO ShoppingCarts (oid,fid,quantity,fname,food_price_purchased) VALUES (130,57,1,'food 57',8);
INSERT INTO ShoppingCarts (oid,fid,quantity,fname,food_price_purchased) VALUES (131,186,2,'food 186',13);
INSERT INTO ShoppingCarts (oid,fid,quantity,fname,food_price_purchased) VALUES (126,9,2,'food 9',11);
INSERT INTO ShoppingCarts (oid,fid,quantity,fname,food_price_purchased) VALUES (169,121,3,'food 121',15);
INSERT INTO ShoppingCarts (oid,fid,quantity,fname,food_price_purchased) VALUES (85,45,2,'food 45',6);
INSERT INTO ShoppingCarts (oid,fid,quantity,fname,food_price_purchased) VALUES (193,148,2,'food 148',10);
INSERT INTO ShoppingCarts (oid,fid,quantity,fname,food_price_purchased) VALUES (187,170,2,'food 170',6);
INSERT INTO ShoppingCarts (oid,fid,quantity,fname,food_price_purchased) VALUES (196,19,3,'food 19',2);
INSERT INTO ShoppingCarts (oid,fid,quantity,fname,food_price_purchased) VALUES (122,129,3,'food 129',4);
INSERT INTO ShoppingCarts (oid,fid,quantity,fname,food_price_purchased) VALUES (40,91,1,'food 91',14);
INSERT INTO ShoppingCarts (oid,fid,quantity,fname,food_price_purchased) VALUES (19,88,2,'food 88',12);
INSERT INTO ShoppingCarts (oid,fid,quantity,fname,food_price_purchased) VALUES (15,44,1,'food 44',9);
INSERT INTO ShoppingCarts (oid,fid,quantity,fname,food_price_purchased) VALUES (143,161,3,'food 161',3);
INSERT INTO ShoppingCarts (oid,fid,quantity,fname,food_price_purchased) VALUES (104,162,2,'food 162',10);
INSERT INTO ShoppingCarts (oid,fid,quantity,fname,food_price_purchased) VALUES (123,197,2,'food 197',4);
INSERT INTO ShoppingCarts (oid,fid,quantity,fname,food_price_purchased) VALUES (164,81,2,'food 81',12);
INSERT INTO ShoppingCarts (oid,fid,quantity,fname,food_price_purchased) VALUES (17,111,1,'food 111',15);
INSERT INTO ShoppingCarts (oid,fid,quantity,fname,food_price_purchased) VALUES (197,121,1,'food 121',15);
INSERT INTO ShoppingCarts (oid,fid,quantity,fname,food_price_purchased) VALUES (120,49,3,'food 49',9);
INSERT INTO ShoppingCarts (oid,fid,quantity,fname,food_price_purchased) VALUES (118,119,3,'food 119',12);
INSERT INTO ShoppingCarts (oid,fid,quantity,fname,food_price_purchased) VALUES (191,63,1,'food 63',9);
INSERT INTO ShoppingCarts (oid,fid,quantity,fname,food_price_purchased) VALUES (180,135,3,'food 135',2);
INSERT INTO ShoppingCarts (oid,fid,quantity,fname,food_price_purchased) VALUES (192,169,3,'food 169',8);
INSERT INTO ShoppingCarts (oid,fid,quantity,fname,food_price_purchased) VALUES (87,137,2,'food 137',7);
INSERT INTO ShoppingCarts (oid,fid,quantity,fname,food_price_purchased) VALUES (95,134,2,'food 134',14);
INSERT INTO ShoppingCarts (oid,fid,quantity,fname,food_price_purchased) VALUES (102,74,2,'food 74',9);
INSERT INTO ShoppingCarts (oid,fid,quantity,fname,food_price_purchased) VALUES (13,118,2,'food 118',9);
INSERT INTO ShoppingCarts (oid,fid,quantity,fname,food_price_purchased) VALUES (63,120,3,'food 120',9);
INSERT INTO ShoppingCarts (oid,fid,quantity,fname,food_price_purchased) VALUES (70,10,1,'food 10',3);
INSERT INTO ShoppingCarts (oid,fid,quantity,fname,food_price_purchased) VALUES (166,77,2,'food 77',3);
INSERT INTO ShoppingCarts (oid,fid,quantity,fname,food_price_purchased) VALUES (101,163,3,'food 163',13);
INSERT INTO ShoppingCarts (oid,fid,quantity,fname,food_price_purchased) VALUES (50,82,1,'food 82',13);
INSERT INTO ShoppingCarts (oid,fid,quantity,fname,food_price_purchased) VALUES (52,170,1,'food 170',6);
INSERT INTO ShoppingCarts (oid,fid,quantity,fname,food_price_purchased) VALUES (155,198,1,'food 198',7);
INSERT INTO ShoppingCarts (oid,fid,quantity,fname,food_price_purchased) VALUES (130,145,1,'food 145',9);
INSERT INTO ShoppingCarts (oid,fid,quantity,fname,food_price_purchased) VALUES (148,150,1,'food 150',6);
INSERT INTO ShoppingCarts (oid,fid,quantity,fname,food_price_purchased) VALUES (38,27,1,'food 27',10);
INSERT INTO ShoppingCarts (oid,fid,quantity,fname,food_price_purchased) VALUES (71,116,2,'food 116',4);
INSERT INTO ShoppingCarts (oid,fid,quantity,fname,food_price_purchased) VALUES (80,148,1,'food 148',10);
INSERT INTO ShoppingCarts (oid,fid,quantity,fname,food_price_purchased) VALUES (148,165,3,'food 165',14);
INSERT INTO ShoppingCarts (oid,fid,quantity,fname,food_price_purchased) VALUES (68,74,2,'food 74',9);
INSERT INTO ShoppingCarts (oid,fid,quantity,fname,food_price_purchased) VALUES (83,143,3,'food 143',2);
INSERT INTO ShoppingCarts (oid,fid,quantity,fname,food_price_purchased) VALUES (126,192,2,'food 192',10);
INSERT INTO ShoppingCarts (oid,fid,quantity,fname,food_price_purchased) VALUES (93,124,3,'food 124',3);
INSERT INTO ShoppingCarts (oid,fid,quantity,fname,food_price_purchased) VALUES (161,131,2,'food 131',7);
INSERT INTO ShoppingCarts (oid,fid,quantity,fname,food_price_purchased) VALUES (85,95,2,'food 95',5);
INSERT INTO ShoppingCarts (oid,fid,quantity,fname,food_price_purchased) VALUES (170,99,3,'food 99',5);
INSERT INTO ShoppingCarts (oid,fid,quantity,fname,food_price_purchased) VALUES (147,156,1,'food 156',8);
INSERT INTO ShoppingCarts (oid,fid,quantity,fname,food_price_purchased) VALUES (58,155,2,'food 155',6);
INSERT INTO ShoppingCarts (oid,fid,quantity,fname,food_price_purchased) VALUES (41,5,2,'food 5',15);
INSERT INTO ShoppingCarts (oid,fid,quantity,fname,food_price_purchased) VALUES (118,146,3,'food 146',13);
INSERT INTO ShoppingCarts (oid,fid,quantity,fname,food_price_purchased) VALUES (171,71,1,'food 71',5);
INSERT INTO ShoppingCarts (oid,fid,quantity,fname,food_price_purchased) VALUES (150,1,3,'food 1',7);
INSERT INTO ShoppingCarts (oid,fid,quantity,fname,food_price_purchased) VALUES (157,164,1,'food 164',11);
INSERT INTO ShoppingCarts (oid,fid,quantity,fname,food_price_purchased) VALUES (103,192,2,'food 192',10);
INSERT INTO ShoppingCarts (oid,fid,quantity,fname,food_price_purchased) VALUES (99,147,1,'food 147',8);
INSERT INTO ShoppingCarts (oid,fid,quantity,fname,food_price_purchased) VALUES (26,178,1,'food 178',13);
INSERT INTO ShoppingCarts (oid,fid,quantity,fname,food_price_purchased) VALUES (13,46,2,'food 46',15);
INSERT INTO ShoppingCarts (oid,fid,quantity,fname,food_price_purchased) VALUES (160,143,1,'food 143',2);
INSERT INTO ShoppingCarts (oid,fid,quantity,fname,food_price_purchased) VALUES (22,142,3,'food 142',7);
INSERT INTO ShoppingCarts (oid,fid,quantity,fname,food_price_purchased) VALUES (97,74,2,'food 74',9);
INSERT INTO ShoppingCarts (oid,fid,quantity,fname,food_price_purchased) VALUES (4,126,3,'food 126',2);
INSERT INTO ShoppingCarts (oid,fid,quantity,fname,food_price_purchased) VALUES (7,191,2,'food 191',11);
INSERT INTO ShoppingCarts (oid,fid,quantity,fname,food_price_purchased) VALUES (165,70,2,'food 70',12);
INSERT INTO ShoppingCarts (oid,fid,quantity,fname,food_price_purchased) VALUES (43,167,3,'food 167',12);
INSERT INTO ShoppingCarts (oid,fid,quantity,fname,food_price_purchased) VALUES (141,62,2,'food 62',2);
INSERT INTO ShoppingCarts (oid,fid,quantity,fname,food_price_purchased) VALUES (104,33,3,'food 33',15);
INSERT INTO ShoppingCarts (oid,fid,quantity,fname,food_price_purchased) VALUES (118,35,3,'food 35',2);
INSERT INTO ShoppingCarts (oid,fid,quantity,fname,food_price_purchased) VALUES (114,15,2,'food 15',9);
INSERT INTO ShoppingCarts (oid,fid,quantity,fname,food_price_purchased) VALUES (22,155,1,'food 155',6);
INSERT INTO ShoppingCarts (oid,fid,quantity,fname,food_price_purchased) VALUES (37,31,3,'food 31',7);
INSERT INTO ShoppingCarts (oid,fid,quantity,fname,food_price_purchased) VALUES (18,75,2,'food 75',13);
INSERT INTO ShoppingCarts (oid,fid,quantity,fname,food_price_purchased) VALUES (185,75,1,'food 75',13);
INSERT INTO ShoppingCarts (oid,fid,quantity,fname,food_price_purchased) VALUES (117,12,1,'food 12',6);
INSERT INTO ShoppingCarts (oid,fid,quantity,fname,food_price_purchased) VALUES (153,30,2,'food 30',4);
INSERT INTO ShoppingCarts (oid,fid,quantity,fname,food_price_purchased) VALUES (20,103,1,'food 103',9);
INSERT INTO ShoppingCarts (oid,fid,quantity,fname,food_price_purchased) VALUES (122,63,1,'food 63',9);
INSERT INTO ShoppingCarts (oid,fid,quantity,fname,food_price_purchased) VALUES (76,18,2,'food 18',3);
INSERT INTO ShoppingCarts (oid,fid,quantity,fname,food_price_purchased) VALUES (151,67,1,'food 67',2);
INSERT INTO ShoppingCarts (oid,fid,quantity,fname,food_price_purchased) VALUES (117,136,2,'food 136',8);
INSERT INTO ShoppingCarts (oid,fid,quantity,fname,food_price_purchased) VALUES (5,94,2,'food 94',11);
INSERT INTO ShoppingCarts (oid,fid,quantity,fname,food_price_purchased) VALUES (49,93,3,'food 93',11);
INSERT INTO ShoppingCarts (oid,fid,quantity,fname,food_price_purchased) VALUES (176,132,2,'food 132',4);
INSERT INTO ShoppingCarts (oid,fid,quantity,fname,food_price_purchased) VALUES (157,42,1,'food 42',12);
INSERT INTO ShoppingCarts (oid,fid,quantity,fname,food_price_purchased) VALUES (173,87,3,'food 87',4);
INSERT INTO ShoppingCarts (oid,fid,quantity,fname,food_price_purchased) VALUES (32,135,2,'food 135',2);
INSERT INTO ShoppingCarts (oid,fid,quantity,fname,food_price_purchased) VALUES (109,163,2,'food 163',13);
INSERT INTO ShoppingCarts (oid,fid,quantity,fname,food_price_purchased) VALUES (166,46,2,'food 46',15);
INSERT INTO ShoppingCarts (oid,fid,quantity,fname,food_price_purchased) VALUES (124,188,1,'food 188',15);
INSERT INTO ShoppingCarts (oid,fid,quantity,fname,food_price_purchased) VALUES (2,38,3,'food 38',4);
INSERT INTO ShoppingCarts (oid,fid,quantity,fname,food_price_purchased) VALUES (122,135,1,'food 135',2);
INSERT INTO ShoppingCarts (oid,fid,quantity,fname,food_price_purchased) VALUES (26,16,2,'food 16',13);
INSERT INTO ShoppingCarts (oid,fid,quantity,fname,food_price_purchased) VALUES (87,27,3,'food 27',10);
INSERT INTO ShoppingCarts (oid,fid,quantity,fname,food_price_purchased) VALUES (61,136,2,'food 136',8);
INSERT INTO ShoppingCarts (oid,fid,quantity,fname,food_price_purchased) VALUES (129,100,3,'food 100',10);
INSERT INTO ShoppingCarts (oid,fid,quantity,fname,food_price_purchased) VALUES (132,167,2,'food 167',12);
INSERT INTO ShoppingCarts (oid,fid,quantity,fname,food_price_purchased) VALUES (180,25,3,'food 25',6);
INSERT INTO ShoppingCarts (oid,fid,quantity,fname,food_price_purchased) VALUES (194,11,3,'food 11',2);
INSERT INTO ShoppingCarts (oid,fid,quantity,fname,food_price_purchased) VALUES (158,53,3,'food 53',6);
INSERT INTO ShoppingCarts (oid,fid,quantity,fname,food_price_purchased) VALUES (104,168,1,'food 168',6);
INSERT INTO ShoppingCarts (oid,fid,quantity,fname,food_price_purchased) VALUES (145,25,2,'food 25',6);
INSERT INTO ShoppingCarts (oid,fid,quantity,fname,food_price_purchased) VALUES (83,90,1,'food 90',5);
INSERT INTO ShoppingCarts (oid,fid,quantity,fname,food_price_purchased) VALUES (126,182,1,'food 182',6);
INSERT INTO ShoppingCarts (oid,fid,quantity,fname,food_price_purchased) VALUES (56,76,2,'food 76',12);
INSERT INTO ShoppingCarts (oid,fid,quantity,fname,food_price_purchased) VALUES (120,128,1,'food 128',14);
INSERT INTO ShoppingCarts (oid,fid,quantity,fname,food_price_purchased) VALUES (8,41,2,'food 41',7);
INSERT INTO ShoppingCarts (oid,fid,quantity,fname,food_price_purchased) VALUES (67,178,1,'food 178',13);
INSERT INTO ShoppingCarts (oid,fid,quantity,fname,food_price_purchased) VALUES (108,39,2,'food 39',5);
INSERT INTO ShoppingCarts (oid,fid,quantity,fname,food_price_purchased) VALUES (166,50,3,'food 50',5);
INSERT INTO ShoppingCarts (oid,fid,quantity,fname,food_price_purchased) VALUES (159,30,3,'food 30',4);
INSERT INTO ShoppingCarts (oid,fid,quantity,fname,food_price_purchased) VALUES (84,41,1,'food 41',7);
INSERT INTO ShoppingCarts (oid,fid,quantity,fname,food_price_purchased) VALUES (140,63,1,'food 63',9);
INSERT INTO ShoppingCarts (oid,fid,quantity,fname,food_price_purchased) VALUES (40,149,1,'food 149',5);
INSERT INTO ShoppingCarts (oid,fid,quantity,fname,food_price_purchased) VALUES (148,181,1,'food 181',11);
INSERT INTO ShoppingCarts (oid,fid,quantity,fname,food_price_purchased) VALUES (197,88,2,'food 88',12);
INSERT INTO ShoppingCarts (oid,fid,quantity,fname,food_price_purchased) VALUES (166,127,2,'food 127',12);
INSERT INTO ShoppingCarts (oid,fid,quantity,fname,food_price_purchased) VALUES (19,146,2,'food 146',13);
INSERT INTO ShoppingCarts (oid,fid,quantity,fname,food_price_purchased) VALUES (132,101,2,'food 101',3);
INSERT INTO ShoppingCarts (oid,fid,quantity,fname,food_price_purchased) VALUES (17,1,1,'food 1',7);
INSERT INTO ShoppingCarts (oid,fid,quantity,fname,food_price_purchased) VALUES (128,1,1,'food 1',7);
INSERT INTO ShoppingCarts (oid,fid,quantity,fname,food_price_purchased) VALUES (125,102,1,'food 102',2);
INSERT INTO ShoppingCarts (oid,fid,quantity,fname,food_price_purchased) VALUES (18,161,3,'food 161',3);
INSERT INTO ShoppingCarts (oid,fid,quantity,fname,food_price_purchased) VALUES (29,55,2,'food 55',12);
INSERT INTO ShoppingCarts (oid,fid,quantity,fname,food_price_purchased) VALUES (26,175,2,'food 175',11);
INSERT INTO ShoppingCarts (oid,fid,quantity,fname,food_price_purchased) VALUES (64,38,3,'food 38',4);
INSERT INTO ShoppingCarts (oid,fid,quantity,fname,food_price_purchased) VALUES (19,70,1,'food 70',12);
INSERT INTO ShoppingCarts (oid,fid,quantity,fname,food_price_purchased) VALUES (164,45,2,'food 45',6);
INSERT INTO ShoppingCarts (oid,fid,quantity,fname,food_price_purchased) VALUES (182,111,3,'food 111',15);
INSERT INTO ShoppingCarts (oid,fid,quantity,fname,food_price_purchased) VALUES (75,94,1,'food 94',11);
INSERT INTO ShoppingCarts (oid,fid,quantity,fname,food_price_purchased) VALUES (132,11,3,'food 11',2);
INSERT INTO ShoppingCarts (oid,fid,quantity,fname,food_price_purchased) VALUES (110,88,1,'food 88',12);
INSERT INTO ShoppingCarts (oid,fid,quantity,fname,food_price_purchased) VALUES (43,108,2,'food 108',8);
INSERT INTO ShoppingCarts (oid,fid,quantity,fname,food_price_purchased) VALUES (171,177,3,'food 177',12);
INSERT INTO ShoppingCarts (oid,fid,quantity,fname,food_price_purchased) VALUES (68,180,1,'food 180',7);
INSERT INTO ShoppingCarts (oid,fid,quantity,fname,food_price_purchased) VALUES (20,198,2,'food 198',7);
INSERT INTO ShoppingCarts (oid,fid,quantity,fname,food_price_purchased) VALUES (35,66,2,'food 66',12);
INSERT INTO ShoppingCarts (oid,fid,quantity,fname,food_price_purchased) VALUES (62,70,3,'food 70',12);
INSERT INTO ShoppingCarts (oid,fid,quantity,fname,food_price_purchased) VALUES (175,146,1,'food 146',13);
INSERT INTO ShoppingCarts (oid,fid,quantity,fname,food_price_purchased) VALUES (115,87,1,'food 87',4);
INSERT INTO ShoppingCarts (oid,fid,quantity,fname,food_price_purchased) VALUES (153,11,3,'food 11',2);
INSERT INTO ShoppingCarts (oid,fid,quantity,fname,food_price_purchased) VALUES (112,38,2,'food 38',4);
INSERT INTO ShoppingCarts (oid,fid,quantity,fname,food_price_purchased) VALUES (19,168,1,'food 168',6);
INSERT INTO ShoppingCarts (oid,fid,quantity,fname,food_price_purchased) VALUES (182,103,1,'food 103',9);
INSERT INTO ShoppingCarts (oid,fid,quantity,fname,food_price_purchased) VALUES (84,134,3,'food 134',14);
INSERT INTO ShoppingCarts (oid,fid,quantity,fname,food_price_purchased) VALUES (191,181,2,'food 181',11);
INSERT INTO ShoppingCarts (oid,fid,quantity,fname,food_price_purchased) VALUES (137,156,2,'food 156',8);
INSERT INTO ShoppingCarts (oid,fid,quantity,fname,food_price_purchased) VALUES (82,159,3,'food 159',3);
INSERT INTO ShoppingCarts (oid,fid,quantity,fname,food_price_purchased) VALUES (144,52,2,'food 52',14);
INSERT INTO ShoppingCarts (oid,fid,quantity,fname,food_price_purchased) VALUES (194,45,2,'food 45',6);
INSERT INTO ShoppingCarts (oid,fid,quantity,fname,food_price_purchased) VALUES (73,199,1,'food 199',10);
INSERT INTO ShoppingCarts (oid,fid,quantity,fname,food_price_purchased) VALUES (136,77,3,'food 77',3);
INSERT INTO ShoppingCarts (oid,fid,quantity,fname,food_price_purchased) VALUES (94,78,2,'food 78',5);
INSERT INTO ShoppingCarts (oid,fid,quantity,fname,food_price_purchased) VALUES (135,10,3,'food 10',3);
INSERT INTO ShoppingCarts (oid,fid,quantity,fname,food_price_purchased) VALUES (68,30,3,'food 30',4);
INSERT INTO ShoppingCarts (oid,fid,quantity,fname,food_price_purchased) VALUES (32,18,1,'food 18',3);
INSERT INTO ShoppingCarts (oid,fid,quantity,fname,food_price_purchased) VALUES (173,196,1,'food 196',7);
INSERT INTO ShoppingCarts (oid,fid,quantity,fname,food_price_purchased) VALUES (146,39,1,'food 39',5);
INSERT INTO ShoppingCarts (oid,fid,quantity,fname,food_price_purchased) VALUES (195,26,1,'food 26',3);
INSERT INTO ShoppingCarts (oid,fid,quantity,fname,food_price_purchased) VALUES (28,77,1,'food 77',3);
INSERT INTO ShoppingCarts (oid,fid,quantity,fname,food_price_purchased) VALUES (89,31,1,'food 31',7);
INSERT INTO ShoppingCarts (oid,fid,quantity,fname,food_price_purchased) VALUES (158,196,2,'food 196',7);
INSERT INTO ShoppingCarts (oid,fid,quantity,fname,food_price_purchased) VALUES (121,199,3,'food 199',10);
INSERT INTO ShoppingCarts (oid,fid,quantity,fname,food_price_purchased) VALUES (74,55,1,'food 55',12);
INSERT INTO ShoppingCarts (oid,fid,quantity,fname,food_price_purchased) VALUES (199,116,2,'food 116',4);
INSERT INTO ShoppingCarts (oid,fid,quantity,fname,food_price_purchased) VALUES (35,65,3,'food 65',9);
INSERT INTO ShoppingCarts (oid,fid,quantity,fname,food_price_purchased) VALUES (187,196,2,'food 196',7);
INSERT INTO ShoppingCarts (oid,fid,quantity,fname,food_price_purchased) VALUES (184,192,1,'food 192',10);
INSERT INTO ShoppingCarts (oid,fid,quantity,fname,food_price_purchased) VALUES (91,34,3,'food 34',13);
INSERT INTO ShoppingCarts (oid,fid,quantity,fname,food_price_purchased) VALUES (137,177,1,'food 177',12);
INSERT INTO ShoppingCarts (oid,fid,quantity,fname,food_price_purchased) VALUES (101,79,3,'food 79',8);
INSERT INTO ShoppingCarts (oid,fid,quantity,fname,food_price_purchased) VALUES (123,57,2,'food 57',8);
INSERT INTO ShoppingCarts (oid,fid,quantity,fname,food_price_purchased) VALUES (39,159,1,'food 159',3);
INSERT INTO ShoppingCarts (oid,fid,quantity,fname,food_price_purchased) VALUES (67,114,2,'food 114',6);
INSERT INTO ShoppingCarts (oid,fid,quantity,fname,food_price_purchased) VALUES (91,111,1,'food 111',15);
INSERT INTO ShoppingCarts (oid,fid,quantity,fname,food_price_purchased) VALUES (59,161,3,'food 161',3);
INSERT INTO ShoppingCarts (oid,fid,quantity,fname,food_price_purchased) VALUES (56,121,2,'food 121',15);
INSERT INTO ShoppingCarts (oid,fid,quantity,fname,food_price_purchased) VALUES (83,67,2,'food 67',2);
INSERT INTO ShoppingCarts (oid,fid,quantity,fname,food_price_purchased) VALUES (23,158,2,'food 158',11);
INSERT INTO ShoppingCarts (oid,fid,quantity,fname,food_price_purchased) VALUES (76,181,1,'food 181',11);
INSERT INTO ShoppingCarts (oid,fid,quantity,fname,food_price_purchased) VALUES (17,128,1,'food 128',14);
INSERT INTO ShoppingCarts (oid,fid,quantity,fname,food_price_purchased) VALUES (168,171,2,'food 171',9);
INSERT INTO ShoppingCarts (oid,fid,quantity,fname,food_price_purchased) VALUES (115,78,3,'food 78',5);
INSERT INTO ShoppingCarts (oid,fid,quantity,fname,food_price_purchased) VALUES (149,100,3,'food 100',10);
INSERT INTO ShoppingCarts (oid,fid,quantity,fname,food_price_purchased) VALUES (46,196,1,'food 196',7);
INSERT INTO ShoppingCarts (oid,fid,quantity,fname,food_price_purchased) VALUES (132,39,1,'food 39',5);
INSERT INTO ShoppingCarts (oid,fid,quantity,fname,food_price_purchased) VALUES (92,1,1,'food 1',7);
INSERT INTO ShoppingCarts (oid,fid,quantity,fname,food_price_purchased) VALUES (124,14,3,'food 14',9);
INSERT INTO ShoppingCarts (oid,fid,quantity,fname,food_price_purchased) VALUES (29,132,3,'food 132',4);
INSERT INTO ShoppingCarts (oid,fid,quantity,fname,food_price_purchased) VALUES (170,117,3,'food 117',7);
INSERT INTO ShoppingCarts (oid,fid,quantity,fname,food_price_purchased) VALUES (98,46,2,'food 46',15);
INSERT INTO ShoppingCarts (oid,fid,quantity,fname,food_price_purchased) VALUES (4,107,2,'food 107',12);
INSERT INTO ShoppingCarts (oid,fid,quantity,fname,food_price_purchased) VALUES (28,107,3,'food 107',12);
INSERT INTO ShoppingCarts (oid,fid,quantity,fname,food_price_purchased) VALUES (151,160,2,'food 160',3);
INSERT INTO ShoppingCarts (oid,fid,quantity,fname,food_price_purchased) VALUES (153,15,3,'food 15',9);
INSERT INTO ShoppingCarts (oid,fid,quantity,fname,food_price_purchased) VALUES (176,106,1,'food 106',6);
INSERT INTO ShoppingCarts (oid,fid,quantity,fname,food_price_purchased) VALUES (106,112,1,'food 112',4);
INSERT INTO ShoppingCarts (oid,fid,quantity,fname,food_price_purchased) VALUES (90,131,3,'food 131',7);
INSERT INTO ShoppingCarts (oid,fid,quantity,fname,food_price_purchased) VALUES (107,54,3,'food 54',9);
INSERT INTO ShoppingCarts (oid,fid,quantity,fname,food_price_purchased) VALUES (60,99,1,'food 99',5);
INSERT INTO ShoppingCarts (oid,fid,quantity,fname,food_price_purchased) VALUES (49,11,1,'food 11',2);
INSERT INTO ShoppingCarts (oid,fid,quantity,fname,food_price_purchased) VALUES (197,75,3,'food 75',13);
INSERT INTO ShoppingCarts (oid,fid,quantity,fname,food_price_purchased) VALUES (60,173,3,'food 173',4);
INSERT INTO ShoppingCarts (oid,fid,quantity,fname,food_price_purchased) VALUES (66,75,2,'food 75',13);
INSERT INTO ShoppingCarts (oid,fid,quantity,fname,food_price_purchased) VALUES (182,141,2,'food 141',8);
INSERT INTO ShoppingCarts (oid,fid,quantity,fname,food_price_purchased) VALUES (154,139,1,'food 139',10);
INSERT INTO ShoppingCarts (oid,fid,quantity,fname,food_price_purchased) VALUES (125,90,1,'food 90',5);
INSERT INTO ShoppingCarts (oid,fid,quantity,fname,food_price_purchased) VALUES (34,3,2,'food 3',7);
INSERT INTO ShoppingCarts (oid,fid,quantity,fname,food_price_purchased) VALUES (29,177,3,'food 177',12);
INSERT INTO ShoppingCarts (oid,fid,quantity,fname,food_price_purchased) VALUES (113,173,3,'food 173',4);
INSERT INTO ShoppingCarts (oid,fid,quantity,fname,food_price_purchased) VALUES (32,135,3,'food 135',2);
INSERT INTO ShoppingCarts (oid,fid,quantity,fname,food_price_purchased) VALUES (82,84,3,'food 84',11);
INSERT INTO ShoppingCarts (oid,fid,quantity,fname,food_price_purchased) VALUES (12,101,2,'food 101',3);
INSERT INTO ShoppingCarts (oid,fid,quantity,fname,food_price_purchased) VALUES (172,199,1,'food 199',10);
INSERT INTO ShoppingCarts (oid,fid,quantity,fname,food_price_purchased) VALUES (58,45,1,'food 45',6);
INSERT INTO ShoppingCarts (oid,fid,quantity,fname,food_price_purchased) VALUES (115,30,3,'food 30',4);
INSERT INTO ShoppingCarts (oid,fid,quantity,fname,food_price_purchased) VALUES (172,3,2,'food 3',7);
INSERT INTO ShoppingCarts (oid,fid,quantity,fname,food_price_purchased) VALUES (187,8,1,'food 8',3);
INSERT INTO ShoppingCarts (oid,fid,quantity,fname,food_price_purchased) VALUES (7,67,1,'food 67',2);
INSERT INTO ShoppingCarts (oid,fid,quantity,fname,food_price_purchased) VALUES (57,55,1,'food 55',12);
INSERT INTO ShoppingCarts (oid,fid,quantity,fname,food_price_purchased) VALUES (53,181,2,'food 181',11);
INSERT INTO ShoppingCarts (oid,fid,quantity,fname,food_price_purchased) VALUES (68,4,1,'food 4',14);
INSERT INTO ShoppingCarts (oid,fid,quantity,fname,food_price_purchased) VALUES (92,189,1,'food 189',10);
INSERT INTO ShoppingCarts (oid,fid,quantity,fname,food_price_purchased) VALUES (42,156,1,'food 156',8);
INSERT INTO ShoppingCarts (oid,fid,quantity,fname,food_price_purchased) VALUES (89,171,2,'food 171',9);
INSERT INTO ShoppingCarts (oid,fid,quantity,fname,food_price_purchased) VALUES (32,73,1,'food 73',8);
INSERT INTO ShoppingCarts (oid,fid,quantity,fname,food_price_purchased) VALUES (105,161,2,'food 161',3);
INSERT INTO ShoppingCarts (oid,fid,quantity,fname,food_price_purchased) VALUES (1,113,3,'food 113',8);
INSERT INTO ShoppingCarts (oid,fid,quantity,fname,food_price_purchased) VALUES (45,54,1,'food 54',9);
INSERT INTO ShoppingCarts (oid,fid,quantity,fname,food_price_purchased) VALUES (180,73,3,'food 73',8);
INSERT INTO ShoppingCarts (oid,fid,quantity,fname,food_price_purchased) VALUES (5,124,2,'food 124',3);
INSERT INTO ShoppingCarts (oid,fid,quantity,fname,food_price_purchased) VALUES (185,160,2,'food 160',3);
INSERT INTO ShoppingCarts (oid,fid,quantity,fname,food_price_purchased) VALUES (11,39,1,'food 39',5);
INSERT INTO ShoppingCarts (oid,fid,quantity,fname,food_price_purchased) VALUES (100,98,3,'food 98',5);
INSERT INTO ShoppingCarts (oid,fid,quantity,fname,food_price_purchased) VALUES (57,78,3,'food 78',5);
INSERT INTO ShoppingCarts (oid,fid,quantity,fname,food_price_purchased) VALUES (125,82,2,'food 82',13);
INSERT INTO ShoppingCarts (oid,fid,quantity,fname,food_price_purchased) VALUES (59,115,2,'food 115',2);
INSERT INTO ShoppingCarts (oid,fid,quantity,fname,food_price_purchased) VALUES (73,104,3,'food 104',2);
INSERT INTO ShoppingCarts (oid,fid,quantity,fname,food_price_purchased) VALUES (123,122,1,'food 122',10);
INSERT INTO ShoppingCarts (oid,fid,quantity,fname,food_price_purchased) VALUES (38,23,1,'food 23',12);
INSERT INTO ShoppingCarts (oid,fid,quantity,fname,food_price_purchased) VALUES (85,84,1,'food 84',11);
INSERT INTO ShoppingCarts (oid,fid,quantity,fname,food_price_purchased) VALUES (41,98,1,'food 98',5);
INSERT INTO ShoppingCarts (oid,fid,quantity,fname,food_price_purchased) VALUES (52,130,2,'food 130',5);
INSERT INTO ShoppingCarts (oid,fid,quantity,fname,food_price_purchased) VALUES (114,160,2,'food 160',3);
INSERT INTO ShoppingCarts (oid,fid,quantity,fname,food_price_purchased) VALUES (150,102,1,'food 102',2);
INSERT INTO ShoppingCarts (oid,fid,quantity,fname,food_price_purchased) VALUES (192,195,1,'food 195',13);
INSERT INTO ShoppingCarts (oid,fid,quantity,fname,food_price_purchased) VALUES (115,112,1,'food 112',4);
INSERT INTO ShoppingCarts (oid,fid,quantity,fname,food_price_purchased) VALUES (69,150,1,'food 150',6);
INSERT INTO ShoppingCarts (oid,fid,quantity,fname,food_price_purchased) VALUES (163,115,3,'food 115',2);
INSERT INTO ShoppingCarts (oid,fid,quantity,fname,food_price_purchased) VALUES (125,109,1,'food 109',2);
INSERT INTO ShoppingCarts (oid,fid,quantity,fname,food_price_purchased) VALUES (134,150,3,'food 150',6);
INSERT INTO ShoppingCarts (oid,fid,quantity,fname,food_price_purchased) VALUES (196,184,1,'food 184',5);
INSERT INTO ShoppingCarts (oid,fid,quantity,fname,food_price_purchased) VALUES (102,63,1,'food 63',9);
INSERT INTO ShoppingCarts (oid,fid,quantity,fname,food_price_purchased) VALUES (135,146,1,'food 146',13);
INSERT INTO ShoppingCarts (oid,fid,quantity,fname,food_price_purchased) VALUES (166,122,3,'food 122',10);
INSERT INTO ShoppingCarts (oid,fid,quantity,fname,food_price_purchased) VALUES (187,49,1,'food 49',9);
INSERT INTO ShoppingCarts (oid,fid,quantity,fname,food_price_purchased) VALUES (24,4,1,'food 4',14);
INSERT INTO ShoppingCarts (oid,fid,quantity,fname,food_price_purchased) VALUES (15,76,3,'food 76',12);
INSERT INTO ShoppingCarts (oid,fid,quantity,fname,food_price_purchased) VALUES (68,197,3,'food 197',4);
INSERT INTO ShoppingCarts (oid,fid,quantity,fname,food_price_purchased) VALUES (44,70,3,'food 70',12);
INSERT INTO ShoppingCarts (oid,fid,quantity,fname,food_price_purchased) VALUES (92,62,1,'food 62',2);
INSERT INTO ShoppingCarts (oid,fid,quantity,fname,food_price_purchased) VALUES (83,10,3,'food 10',3);
INSERT INTO ShoppingCarts (oid,fid,quantity,fname,food_price_purchased) VALUES (57,47,2,'food 47',9);
INSERT INTO ShoppingCarts (oid,fid,quantity,fname,food_price_purchased) VALUES (187,172,1,'food 172',2);
INSERT INTO ShoppingCarts (oid,fid,quantity,fname,food_price_purchased) VALUES (23,155,3,'food 155',6);
INSERT INTO ShoppingCarts (oid,fid,quantity,fname,food_price_purchased) VALUES (23,74,3,'food 74',9);
INSERT INTO ShoppingCarts (oid,fid,quantity,fname,food_price_purchased) VALUES (49,200,1,'food 200',13);
INSERT INTO ShoppingCarts (oid,fid,quantity,fname,food_price_purchased) VALUES (37,182,3,'food 182',6);
INSERT INTO ShoppingCarts (oid,fid,quantity,fname,food_price_purchased) VALUES (172,172,2,'food 172',2);
INSERT INTO ShoppingCarts (oid,fid,quantity,fname,food_price_purchased) VALUES (119,2,1,'food 2',12);
INSERT INTO ShoppingCarts (oid,fid,quantity,fname,food_price_purchased) VALUES (2,61,1,'food 61',13);
INSERT INTO ShoppingCarts (oid,fid,quantity,fname,food_price_purchased) VALUES (149,63,3,'food 63',9);
INSERT INTO ShoppingCarts (oid,fid,quantity,fname,food_price_purchased) VALUES (181,110,2,'food 110',11);
INSERT INTO ShoppingCarts (oid,fid,quantity,fname,food_price_purchased) VALUES (191,49,1,'food 49',9);
INSERT INTO ShoppingCarts (oid,fid,quantity,fname,food_price_purchased) VALUES (179,66,1,'food 66',12);
INSERT INTO ShoppingCarts (oid,fid,quantity,fname,food_price_purchased) VALUES (178,69,1,'food 69',11);
INSERT INTO ShoppingCarts (oid,fid,quantity,fname,food_price_purchased) VALUES (122,179,1,'food 179',11);
INSERT INTO ShoppingCarts (oid,fid,quantity,fname,food_price_purchased) VALUES (125,185,3,'food 185',7);
INSERT INTO ShoppingCarts (oid,fid,quantity,fname,food_price_purchased) VALUES (139,40,2,'food 40',11);
INSERT INTO ShoppingCarts (oid,fid,quantity,fname,food_price_purchased) VALUES (102,175,1,'food 175',11);
INSERT INTO ShoppingCarts (oid,fid,quantity,fname,food_price_purchased) VALUES (91,19,2,'food 19',2);
INSERT INTO ShoppingCarts (oid,fid,quantity,fname,food_price_purchased) VALUES (9,22,3,'food 22',13);
INSERT INTO ShoppingCarts (oid,fid,quantity,fname,food_price_purchased) VALUES (2,44,3,'food 44',9);
INSERT INTO ShoppingCarts (oid,fid,quantity,fname,food_price_purchased) VALUES (189,5,3,'food 5',15);
INSERT INTO ShoppingCarts (oid,fid,quantity,fname,food_price_purchased) VALUES (200,137,3,'food 137',7);
INSERT INTO ShoppingCarts (oid,fid,quantity,fname,food_price_purchased) VALUES (46,43,1,'food 43',9);
INSERT INTO ShoppingCarts (oid,fid,quantity,fname,food_price_purchased) VALUES (42,103,3,'food 103',9);
INSERT INTO ShoppingCarts (oid,fid,quantity,fname,food_price_purchased) VALUES (153,1,1,'food 1',7);
INSERT INTO ShoppingCarts (oid,fid,quantity,fname,food_price_purchased) VALUES (62,151,3,'food 151',9);
INSERT INTO ShoppingCarts (oid,fid,quantity,fname,food_price_purchased) VALUES (16,165,1,'food 165',14);
INSERT INTO ShoppingCarts (oid,fid,quantity,fname,food_price_purchased) VALUES (123,65,3,'food 65',9);
INSERT INTO ShoppingCarts (oid,fid,quantity,fname,food_price_purchased) VALUES (194,163,2,'food 163',13);
INSERT INTO ShoppingCarts (oid,fid,quantity,fname,food_price_purchased) VALUES (170,4,1,'food 4',14);
INSERT INTO ShoppingCarts (oid,fid,quantity,fname,food_price_purchased) VALUES (124,81,2,'food 81',12);
INSERT INTO ShoppingCarts (oid,fid,quantity,fname,food_price_purchased) VALUES (121,94,1,'food 94',11);
INSERT INTO ShoppingCarts (oid,fid,quantity,fname,food_price_purchased) VALUES (27,147,3,'food 147',8);
INSERT INTO ShoppingCarts (oid,fid,quantity,fname,food_price_purchased) VALUES (16,158,1,'food 158',11);
INSERT INTO ShoppingCarts (oid,fid,quantity,fname,food_price_purchased) VALUES (93,61,2,'food 61',13);
INSERT INTO ShoppingCarts (oid,fid,quantity,fname,food_price_purchased) VALUES (168,163,2,'food 163',13);
INSERT INTO ShoppingCarts (oid,fid,quantity,fname,food_price_purchased) VALUES (165,86,1,'food 86',5);
INSERT INTO ShoppingCarts (oid,fid,quantity,fname,food_price_purchased) VALUES (87,122,2,'food 122',10);
INSERT INTO ShoppingCarts (oid,fid,quantity,fname,food_price_purchased) VALUES (98,65,1,'food 65',9);
INSERT INTO ShoppingCarts (oid,fid,quantity,fname,food_price_purchased) VALUES (99,139,1,'food 139',10);
INSERT INTO ShoppingCarts (oid,fid,quantity,fname,food_price_purchased) VALUES (86,42,3,'food 42',12);
INSERT INTO ShoppingCarts (oid,fid,quantity,fname,food_price_purchased) VALUES (135,184,3,'food 184',5);
INSERT INTO ShoppingCarts (oid,fid,quantity,fname,food_price_purchased) VALUES (34,129,2,'food 129',4);
INSERT INTO ShoppingCarts (oid,fid,quantity,fname,food_price_purchased) VALUES (130,68,3,'food 68',9);
INSERT INTO ShoppingCarts (oid,fid,quantity,fname,food_price_purchased) VALUES (99,32,3,'food 32',12);
INSERT INTO ShoppingCarts (oid,fid,quantity,fname,food_price_purchased) VALUES (156,164,2,'food 164',11);
INSERT INTO ShoppingCarts (oid,fid,quantity,fname,food_price_purchased) VALUES (109,30,2,'food 30',4);
INSERT INTO ShoppingCarts (oid,fid,quantity,fname,food_price_purchased) VALUES (9,25,3,'food 25',6);
INSERT INTO ShoppingCarts (oid,fid,quantity,fname,food_price_purchased) VALUES (194,94,2,'food 94',11);
INSERT INTO ShoppingCarts (oid,fid,quantity,fname,food_price_purchased) VALUES (9,190,1,'food 190',9);
INSERT INTO ShoppingCarts (oid,fid,quantity,fname,food_price_purchased) VALUES (149,183,2,'food 183',6);
INSERT INTO ShoppingCarts (oid,fid,quantity,fname,food_price_purchased) VALUES (42,175,1,'food 175',11);
INSERT INTO ShoppingCarts (oid,fid,quantity,fname,food_price_purchased) VALUES (194,186,1,'food 186',13);
INSERT INTO ShoppingCarts (oid,fid,quantity,fname,food_price_purchased) VALUES (127,166,1,'food 166',12);
INSERT INTO ShoppingCarts (oid,fid,quantity,fname,food_price_purchased) VALUES (84,9,3,'food 9',11);
INSERT INTO ShoppingCarts (oid,fid,quantity,fname,food_price_purchased) VALUES (27,22,2,'food 22',13);
INSERT INTO ShoppingCarts (oid,fid,quantity,fname,food_price_purchased) VALUES (121,135,1,'food 135',2);
INSERT INTO ShoppingCarts (oid,fid,quantity,fname,food_price_purchased) VALUES (10,152,2,'food 152',8);
INSERT INTO ShoppingCarts (oid,fid,quantity,fname,food_price_purchased) VALUES (199,88,2,'food 88',12);
INSERT INTO ShoppingCarts (oid,fid,quantity,fname,food_price_purchased) VALUES (96,146,1,'food 146',13);
INSERT INTO ShoppingCarts (oid,fid,quantity,fname,food_price_purchased) VALUES (87,56,2,'food 56',2);
INSERT INTO ShoppingCarts (oid,fid,quantity,fname,food_price_purchased) VALUES (79,50,3,'food 50',5);
INSERT INTO ShoppingCarts (oid,fid,quantity,fname,food_price_purchased) VALUES (151,78,3,'food 78',5);
INSERT INTO ShoppingCarts (oid,fid,quantity,fname,food_price_purchased) VALUES (125,112,3,'food 112',4);
INSERT INTO ShoppingCarts (oid,fid,quantity,fname,food_price_purchased) VALUES (81,82,1,'food 82',13);
INSERT INTO ShoppingCarts (oid,fid,quantity,fname,food_price_purchased) VALUES (48,72,1,'food 72',11);
INSERT INTO ShoppingCarts (oid,fid,quantity,fname,food_price_purchased) VALUES (48,57,3,'food 57',8);
INSERT INTO ShoppingCarts (oid,fid,quantity,fname,food_price_purchased) VALUES (74,52,2,'food 52',14);
INSERT INTO ShoppingCarts (oid,fid,quantity,fname,food_price_purchased) VALUES (198,108,2,'food 108',8);
INSERT INTO ShoppingCarts (oid,fid,quantity,fname,food_price_purchased) VALUES (106,165,2,'food 165',14);
INSERT INTO ShoppingCarts (oid,fid,quantity,fname,food_price_purchased) VALUES (103,93,1,'food 93',11);
INSERT INTO ShoppingCarts (oid,fid,quantity,fname,food_price_purchased) VALUES (113,90,3,'food 90',5);
INSERT INTO ShoppingCarts (oid,fid,quantity,fname,food_price_purchased) VALUES (197,157,2,'food 157',6);
INSERT INTO ShoppingCarts (oid,fid,quantity,fname,food_price_purchased) VALUES (175,107,3,'food 107',12);
INSERT INTO ShoppingCarts (oid,fid,quantity,fname,food_price_purchased) VALUES (109,104,3,'food 104',2);
INSERT INTO ShoppingCarts (oid,fid,quantity,fname,food_price_purchased) VALUES (16,171,1,'food 171',9);
INSERT INTO ShoppingCarts (oid,fid,quantity,fname,food_price_purchased) VALUES (12,113,3,'food 113',8);
INSERT INTO ShoppingCarts (oid,fid,quantity,fname,food_price_purchased) VALUES (147,118,1,'food 118',9);
INSERT INTO ShoppingCarts (oid,fid,quantity,fname,food_price_purchased) VALUES (179,171,3,'food 171',9);
INSERT INTO ShoppingCarts (oid,fid,quantity,fname,food_price_purchased) VALUES (98,78,1,'food 78',5);
INSERT INTO ShoppingCarts (oid,fid,quantity,fname,food_price_purchased) VALUES (14,58,1,'food 58',11);
INSERT INTO ShoppingCarts (oid,fid,quantity,fname,food_price_purchased) VALUES (181,172,3,'food 172',2);
INSERT INTO ShoppingCarts (oid,fid,quantity,fname,food_price_purchased) VALUES (12,152,3,'food 152',8);
INSERT INTO ShoppingCarts (oid,fid,quantity,fname,food_price_purchased) VALUES (94,89,2,'food 89',7);
INSERT INTO ShoppingCarts (oid,fid,quantity,fname,food_price_purchased) VALUES (191,78,1,'food 78',5);
INSERT INTO ShoppingCarts (oid,fid,quantity,fname,food_price_purchased) VALUES (113,161,1,'food 161',3);
INSERT INTO ShoppingCarts (oid,fid,quantity,fname,food_price_purchased) VALUES (173,66,1,'food 66',12);
INSERT INTO ShoppingCarts (oid,fid,quantity,fname,food_price_purchased) VALUES (154,195,3,'food 195',13);
INSERT INTO ShoppingCarts (oid,fid,quantity,fname,food_price_purchased) VALUES (114,19,3,'food 19',2);
INSERT INTO ShoppingCarts (oid,fid,quantity,fname,food_price_purchased) VALUES (119,87,1,'food 87',4);
INSERT INTO ShoppingCarts (oid,fid,quantity,fname,food_price_purchased) VALUES (53,84,2,'food 84',11);
INSERT INTO ShoppingCarts (oid,fid,quantity,fname,food_price_purchased) VALUES (128,7,3,'food 7',10);
INSERT INTO ShoppingCarts (oid,fid,quantity,fname,food_price_purchased) VALUES (121,171,2,'food 171',9);
INSERT INTO ShoppingCarts (oid,fid,quantity,fname,food_price_purchased) VALUES (14,169,3,'food 169',8);
INSERT INTO ShoppingCarts (oid,fid,quantity,fname,food_price_purchased) VALUES (32,126,1,'food 126',2);
INSERT INTO ShoppingCarts (oid,fid,quantity,fname,food_price_purchased) VALUES (16,117,2,'food 117',7);
INSERT INTO ShoppingCarts (oid,fid,quantity,fname,food_price_purchased) VALUES (59,175,1,'food 175',11);
INSERT INTO ShoppingCarts (oid,fid,quantity,fname,food_price_purchased) VALUES (35,187,1,'food 187',9);
INSERT INTO ShoppingCarts (oid,fid,quantity,fname,food_price_purchased) VALUES (174,58,2,'food 58',11);
INSERT INTO ShoppingCarts (oid,fid,quantity,fname,food_price_purchased) VALUES (38,150,2,'food 150',6);
INSERT INTO ShoppingCarts (oid,fid,quantity,fname,food_price_purchased) VALUES (129,179,3,'food 179',11);
INSERT INTO ShoppingCarts (oid,fid,quantity,fname,food_price_purchased) VALUES (44,26,3,'food 26',3);
INSERT INTO ShoppingCarts (oid,fid,quantity,fname,food_price_purchased) VALUES (86,159,1,'food 159',3);
INSERT INTO ShoppingCarts (oid,fid,quantity,fname,food_price_purchased) VALUES (170,139,1,'food 139',10);
INSERT INTO ShoppingCarts (oid,fid,quantity,fname,food_price_purchased) VALUES (77,190,1,'food 190',9);
INSERT INTO ShoppingCarts (oid,fid,quantity,fname,food_price_purchased) VALUES (74,163,1,'food 163',13);
INSERT INTO ShoppingCarts (oid,fid,quantity,fname,food_price_purchased) VALUES (152,146,1,'food 146',13);
INSERT INTO ShoppingCarts (oid,fid,quantity,fname,food_price_purchased) VALUES (37,2,2,'food 2',12);
INSERT INTO ShoppingCarts (oid,fid,quantity,fname,food_price_purchased) VALUES (196,172,2,'food 172',2);
INSERT INTO ShoppingCarts (oid,fid,quantity,fname,food_price_purchased) VALUES (36,55,3,'food 55',12);
INSERT INTO ShoppingCarts (oid,fid,quantity,fname,food_price_purchased) VALUES (155,36,2,'food 36',11);
INSERT INTO ShoppingCarts (oid,fid,quantity,fname,food_price_purchased) VALUES (58,104,2,'food 104',2);
INSERT INTO ShoppingCarts (oid,fid,quantity,fname,food_price_purchased) VALUES (1,184,3,'food 184',5);
INSERT INTO ShoppingCarts (oid,fid,quantity,fname,food_price_purchased) VALUES (144,37,1,'food 37',7);
INSERT INTO ShoppingCarts (oid,fid,quantity,fname,food_price_purchased) VALUES (31,135,2,'food 135',2);
INSERT INTO ShoppingCarts (oid,fid,quantity,fname,food_price_purchased) VALUES (195,17,2,'food 17',11);
INSERT INTO ShoppingCarts (oid,fid,quantity,fname,food_price_purchased) VALUES (44,163,2,'food 163',13);
INSERT INTO ShoppingCarts (oid,fid,quantity,fname,food_price_purchased) VALUES (135,57,1,'food 57',8);
INSERT INTO ShoppingCarts (oid,fid,quantity,fname,food_price_purchased) VALUES (160,8,2,'food 8',3);
INSERT INTO ShoppingCarts (oid,fid,quantity,fname,food_price_purchased) VALUES (188,183,1,'food 183',6);
INSERT INTO ShoppingCarts (oid,fid,quantity,fname,food_price_purchased) VALUES (24,133,1,'food 133',2);
INSERT INTO ShoppingCarts (oid,fid,quantity,fname,food_price_purchased) VALUES (177,149,1,'food 149',5);
INSERT INTO ShoppingCarts (oid,fid,quantity,fname,food_price_purchased) VALUES (102,94,1,'food 94',11);
INSERT INTO ShoppingCarts (oid,fid,quantity,fname,food_price_purchased) VALUES (129,120,2,'food 120',9);
INSERT INTO ShoppingCarts (oid,fid,quantity,fname,food_price_purchased) VALUES (91,168,2,'food 168',6);
INSERT INTO ShoppingCarts (oid,fid,quantity,fname,food_price_purchased) VALUES (16,40,3,'food 40',11);
INSERT INTO ShoppingCarts (oid,fid,quantity,fname,food_price_purchased) VALUES (40,82,1,'food 82',13);
INSERT INTO ShoppingCarts (oid,fid,quantity,fname,food_price_purchased) VALUES (150,157,1,'food 157',6);
INSERT INTO ShoppingCarts (oid,fid,quantity,fname,food_price_purchased) VALUES (125,81,3,'food 81',12);
INSERT INTO ShoppingCarts (oid,fid,quantity,fname,food_price_purchased) VALUES (41,168,1,'food 168',6);
INSERT INTO ShoppingCarts (oid,fid,quantity,fname,food_price_purchased) VALUES (162,36,3,'food 36',11);
INSERT INTO ShoppingCarts (oid,fid,quantity,fname,food_price_purchased) VALUES (200,118,2,'food 118',9);
INSERT INTO ShoppingCarts (oid,fid,quantity,fname,food_price_purchased) VALUES (105,119,3,'food 119',12);
INSERT INTO ShoppingCarts (oid,fid,quantity,fname,food_price_purchased) VALUES (189,140,2,'food 140',9);
INSERT INTO ShoppingCarts (oid,fid,quantity,fname,food_price_purchased) VALUES (81,55,1,'food 55',12);
INSERT INTO ShoppingCarts (oid,fid,quantity,fname,food_price_purchased) VALUES (102,163,3,'food 163',13);
INSERT INTO ShoppingCarts (oid,fid,quantity,fname,food_price_purchased) VALUES (30,105,3,'food 105',8);
INSERT INTO ShoppingCarts (oid,fid,quantity,fname,food_price_purchased) VALUES (161,74,3,'food 74',9);
INSERT INTO ShoppingCarts (oid,fid,quantity,fname,food_price_purchased) VALUES (125,113,3,'food 113',8);
INSERT INTO ShoppingCarts (oid,fid,quantity,fname,food_price_purchased) VALUES (65,14,3,'food 14',9);
INSERT INTO ShoppingCarts (oid,fid,quantity,fname,food_price_purchased) VALUES (182,44,3,'food 44',9);
INSERT INTO ShoppingCarts (oid,fid,quantity,fname,food_price_purchased) VALUES (58,87,2,'food 87',4);
INSERT INTO ShoppingCarts (oid,fid,quantity,fname,food_price_purchased) VALUES (81,146,1,'food 146',13);
INSERT INTO ShoppingCarts (oid,fid,quantity,fname,food_price_purchased) VALUES (161,173,3,'food 173',4);
INSERT INTO ShoppingCarts (oid,fid,quantity,fname,food_price_purchased) VALUES (2,27,3,'food 27',10);
INSERT INTO ShoppingCarts (oid,fid,quantity,fname,food_price_purchased) VALUES (150,182,3,'food 182',6);
INSERT INTO ShoppingCarts (oid,fid,quantity,fname,food_price_purchased) VALUES (159,145,2,'food 145',9);
INSERT INTO ShoppingCarts (oid,fid,quantity,fname,food_price_purchased) VALUES (143,58,1,'food 58',11);
INSERT INTO ShoppingCarts (oid,fid,quantity,fname,food_price_purchased) VALUES (37,38,3,'food 38',4);
INSERT INTO ShoppingCarts (oid,fid,quantity,fname,food_price_purchased) VALUES (198,46,2,'food 46',15);
INSERT INTO ShoppingCarts (oid,fid,quantity,fname,food_price_purchased) VALUES (109,143,3,'food 143',2);
INSERT INTO ShoppingCarts (oid,fid,quantity,fname,food_price_purchased) VALUES (159,15,2,'food 15',9);
INSERT INTO ShoppingCarts (oid,fid,quantity,fname,food_price_purchased) VALUES (90,159,3,'food 159',3);
INSERT INTO ShoppingCarts (oid,fid,quantity,fname,food_price_purchased) VALUES (54,65,3,'food 65',9);
INSERT INTO ShoppingCarts (oid,fid,quantity,fname,food_price_purchased) VALUES (109,137,3,'food 137',7);
INSERT INTO ShoppingCarts (oid,fid,quantity,fname,food_price_purchased) VALUES (200,115,1,'food 115',2);
INSERT INTO ShoppingCarts (oid,fid,quantity,fname,food_price_purchased) VALUES (93,191,1,'food 191',11);
INSERT INTO ShoppingCarts (oid,fid,quantity,fname,food_price_purchased) VALUES (83,9,1,'food 9',11);
INSERT INTO ShoppingCarts (oid,fid,quantity,fname,food_price_purchased) VALUES (58,104,2,'food 104',2);
INSERT INTO ShoppingCarts (oid,fid,quantity,fname,food_price_purchased) VALUES (71,167,3,'food 167',12);
INSERT INTO ShoppingCarts (oid,fid,quantity,fname,food_price_purchased) VALUES (144,75,1,'food 75',13);
INSERT INTO ShoppingCarts (oid,fid,quantity,fname,food_price_purchased) VALUES (171,15,3,'food 15',9);
INSERT INTO ShoppingCarts (oid,fid,quantity,fname,food_price_purchased) VALUES (132,164,3,'food 164',11);
INSERT INTO ShoppingCarts (oid,fid,quantity,fname,food_price_purchased) VALUES (81,178,3,'food 178',13);
INSERT INTO ShoppingCarts (oid,fid,quantity,fname,food_price_purchased) VALUES (140,142,2,'food 142',7);
INSERT INTO ShoppingCarts (oid,fid,quantity,fname,food_price_purchased) VALUES (35,33,2,'food 33',15);
INSERT INTO ShoppingCarts (oid,fid,quantity,fname,food_price_purchased) VALUES (10,9,1,'food 9',11);
INSERT INTO ShoppingCarts (oid,fid,quantity,fname,food_price_purchased) VALUES (62,141,3,'food 141',8);
INSERT INTO ShoppingCarts (oid,fid,quantity,fname,food_price_purchased) VALUES (150,184,3,'food 184',5);
INSERT INTO ShoppingCarts (oid,fid,quantity,fname,food_price_purchased) VALUES (1,38,3,'food 38',4);
INSERT INTO ShoppingCarts (oid,fid,quantity,fname,food_price_purchased) VALUES (23,93,3,'food 93',11);
INSERT INTO ShoppingCarts (oid,fid,quantity,fname,food_price_purchased) VALUES (143,54,1,'food 54',9);
INSERT INTO ShoppingCarts (oid,fid,quantity,fname,food_price_purchased) VALUES (73,184,3,'food 184',5);
INSERT INTO ShoppingCarts (oid,fid,quantity,fname,food_price_purchased) VALUES (35,80,2,'food 80',12);
INSERT INTO ShoppingCarts (oid,fid,quantity,fname,food_price_purchased) VALUES (189,80,3,'food 80',12);
INSERT INTO ShoppingCarts (oid,fid,quantity,fname,food_price_purchased) VALUES (13,197,2,'food 197',4);
INSERT INTO ShoppingCarts (oid,fid,quantity,fname,food_price_purchased) VALUES (165,7,1,'food 7',10);
INSERT INTO ShoppingCarts (oid,fid,quantity,fname,food_price_purchased) VALUES (134,193,2,'food 193',11);
INSERT INTO ShoppingCarts (oid,fid,quantity,fname,food_price_purchased) VALUES (162,69,2,'food 69',11);
INSERT INTO ShoppingCarts (oid,fid,quantity,fname,food_price_purchased) VALUES (99,129,1,'food 129',4);
INSERT INTO ShoppingCarts (oid,fid,quantity,fname,food_price_purchased) VALUES (51,173,3,'food 173',4);
INSERT INTO ShoppingCarts (oid,fid,quantity,fname,food_price_purchased) VALUES (111,95,3,'food 95',5);
INSERT INTO ShoppingCarts (oid,fid,quantity,fname,food_price_purchased) VALUES (38,112,3,'food 112',4);
INSERT INTO ShoppingCarts (oid,fid,quantity,fname,food_price_purchased) VALUES (45,130,1,'food 130',5);
INSERT INTO ShoppingCarts (oid,fid,quantity,fname,food_price_purchased) VALUES (21,18,1,'food 18',3);
INSERT INTO ShoppingCarts (oid,fid,quantity,fname,food_price_purchased) VALUES (88,90,1,'food 90',5);
INSERT INTO ShoppingCarts (oid,fid,quantity,fname,food_price_purchased) VALUES (61,74,1,'food 74',9);
INSERT INTO ShoppingCarts (oid,fid,quantity,fname,food_price_purchased) VALUES (31,39,2,'food 39',5);
INSERT INTO ShoppingCarts (oid,fid,quantity,fname,food_price_purchased) VALUES (95,27,3,'food 27',10);
INSERT INTO ShoppingCarts (oid,fid,quantity,fname,food_price_purchased) VALUES (155,156,3,'food 156',8);
INSERT INTO ShoppingCarts (oid,fid,quantity,fname,food_price_purchased) VALUES (123,142,2,'food 142',7);
INSERT INTO ShoppingCarts (oid,fid,quantity,fname,food_price_purchased) VALUES (72,32,2,'food 32',12);
INSERT INTO ShoppingCarts (oid,fid,quantity,fname,food_price_purchased) VALUES (73,166,1,'food 166',12);
INSERT INTO ShoppingCarts (oid,fid,quantity,fname,food_price_purchased) VALUES (1,176,3,'food 176',4);
INSERT INTO ShoppingCarts (oid,fid,quantity,fname,food_price_purchased) VALUES (128,149,3,'food 149',5);
INSERT INTO ShoppingCarts (oid,fid,quantity,fname,food_price_purchased) VALUES (75,160,1,'food 160',3);
INSERT INTO ShoppingCarts (oid,fid,quantity,fname,food_price_purchased) VALUES (24,33,3,'food 33',15);
INSERT INTO ShoppingCarts (oid,fid,quantity,fname,food_price_purchased) VALUES (79,81,3,'food 81',12);
INSERT INTO ShoppingCarts (oid,fid,quantity,fname,food_price_purchased) VALUES (130,113,3,'food 113',8);
INSERT INTO ShoppingCarts (oid,fid,quantity,fname,food_price_purchased) VALUES (13,17,1,'food 17',11);
INSERT INTO ShoppingCarts (oid,fid,quantity,fname,food_price_purchased) VALUES (12,188,2,'food 188',15);
INSERT INTO ShoppingCarts (oid,fid,quantity,fname,food_price_purchased) VALUES (152,122,1,'food 122',10);
INSERT INTO ShoppingCarts (oid,fid,quantity,fname,food_price_purchased) VALUES (141,23,3,'food 23',12);
INSERT INTO ShoppingCarts (oid,fid,quantity,fname,food_price_purchased) VALUES (107,165,2,'food 165',14);
INSERT INTO ShoppingCarts (oid,fid,quantity,fname,food_price_purchased) VALUES (73,77,3,'food 77',3);
INSERT INTO ShoppingCarts (oid,fid,quantity,fname,food_price_purchased) VALUES (23,9,2,'food 9',11);
INSERT INTO ShoppingCarts (oid,fid,quantity,fname,food_price_purchased) VALUES (37,166,1,'food 166',12);
INSERT INTO ShoppingCarts (oid,fid,quantity,fname,food_price_purchased) VALUES (62,152,1,'food 152',8);
INSERT INTO ShoppingCarts (oid,fid,quantity,fname,food_price_purchased) VALUES (11,135,3,'food 135',2);
INSERT INTO ShoppingCarts (oid,fid,quantity,fname,food_price_purchased) VALUES (117,119,2,'food 119',12);
INSERT INTO ShoppingCarts (oid,fid,quantity,fname,food_price_purchased) VALUES (161,117,3,'food 117',7);
INSERT INTO ShoppingCarts (oid,fid,quantity,fname,food_price_purchased) VALUES (78,123,3,'food 123',9);
INSERT INTO ShoppingCarts (oid,fid,quantity,fname,food_price_purchased) VALUES (174,86,2,'food 86',5);
INSERT INTO ShoppingCarts (oid,fid,quantity,fname,food_price_purchased) VALUES (39,6,2,'food 6',11);
INSERT INTO ShoppingCarts (oid,fid,quantity,fname,food_price_purchased) VALUES (89,79,3,'food 79',8);
INSERT INTO ShoppingCarts (oid,fid,quantity,fname,food_price_purchased) VALUES (94,14,1,'food 14',9);
INSERT INTO ShoppingCarts (oid,fid,quantity,fname,food_price_purchased) VALUES (33,185,2,'food 185',7);
INSERT INTO ShoppingCarts (oid,fid,quantity,fname,food_price_purchased) VALUES (65,125,3,'food 125',7);
INSERT INTO ShoppingCarts (oid,fid,quantity,fname,food_price_purchased) VALUES (122,197,2,'food 197',4);
INSERT INTO ShoppingCarts (oid,fid,quantity,fname,food_price_purchased) VALUES (198,176,2,'food 176',4);
INSERT INTO ShoppingCarts (oid,fid,quantity,fname,food_price_purchased) VALUES (11,147,3,'food 147',8);
INSERT INTO ShoppingCarts (oid,fid,quantity,fname,food_price_purchased) VALUES (25,24,3,'food 24',12);
INSERT INTO ShoppingCarts (oid,fid,quantity,fname,food_price_purchased) VALUES (117,114,2,'food 114',6);
INSERT INTO ShoppingCarts (oid,fid,quantity,fname,food_price_purchased) VALUES (130,185,1,'food 185',7);
INSERT INTO ShoppingCarts (oid,fid,quantity,fname,food_price_purchased) VALUES (107,53,1,'food 53',6);
INSERT INTO ShoppingCarts (oid,fid,quantity,fname,food_price_purchased) VALUES (62,41,2,'food 41',7);
INSERT INTO ShoppingCarts (oid,fid,quantity,fname,food_price_purchased) VALUES (192,36,1,'food 36',11);
INSERT INTO ShoppingCarts (oid,fid,quantity,fname,food_price_purchased) VALUES (165,66,2,'food 66',12);
INSERT INTO ShoppingCarts (oid,fid,quantity,fname,food_price_purchased) VALUES (163,184,1,'food 184',5);
INSERT INTO ShoppingCarts (oid,fid,quantity,fname,food_price_purchased) VALUES (9,78,2,'food 78',5);
INSERT INTO ShoppingCarts (oid,fid,quantity,fname,food_price_purchased) VALUES (94,169,1,'food 169',8);
INSERT INTO ShoppingCarts (oid,fid,quantity,fname,food_price_purchased) VALUES (48,47,3,'food 47',9);
INSERT INTO ShoppingCarts (oid,fid,quantity,fname,food_price_purchased) VALUES (74,41,2,'food 41',7);
INSERT INTO ShoppingCarts (oid,fid,quantity,fname,food_price_purchased) VALUES (32,2,1,'food 2',12);
INSERT INTO ShoppingCarts (oid,fid,quantity,fname,food_price_purchased) VALUES (34,82,2,'food 82',13);
INSERT INTO ShoppingCarts (oid,fid,quantity,fname,food_price_purchased) VALUES (60,35,3,'food 35',2);
INSERT INTO ShoppingCarts (oid,fid,quantity,fname,food_price_purchased) VALUES (54,113,3,'food 113',8);
INSERT INTO ShoppingCarts (oid,fid,quantity,fname,food_price_purchased) VALUES (185,41,3,'food 41',7);
INSERT INTO ShoppingCarts (oid,fid,quantity,fname,food_price_purchased) VALUES (126,113,2,'food 113',8);
INSERT INTO ShoppingCarts (oid,fid,quantity,fname,food_price_purchased) VALUES (70,54,2,'food 54',9);
INSERT INTO ShoppingCarts (oid,fid,quantity,fname,food_price_purchased) VALUES (147,16,2,'food 16',13);
INSERT INTO ShoppingCarts (oid,fid,quantity,fname,food_price_purchased) VALUES (41,158,3,'food 158',11);
INSERT INTO ShoppingCarts (oid,fid,quantity,fname,food_price_purchased) VALUES (109,91,1,'food 91',14);
INSERT INTO ShoppingCarts (oid,fid,quantity,fname,food_price_purchased) VALUES (96,85,1,'food 85',14);
INSERT INTO ShoppingCarts (oid,fid,quantity,fname,food_price_purchased) VALUES (184,4,1,'food 4',14);
INSERT INTO ShoppingCarts (oid,fid,quantity,fname,food_price_purchased) VALUES (100,84,1,'food 84',11);
INSERT INTO ShoppingCarts (oid,fid,quantity,fname,food_price_purchased) VALUES (6,38,3,'food 38',4);
INSERT INTO ShoppingCarts (oid,fid,quantity,fname,food_price_purchased) VALUES (51,84,3,'food 84',11);
INSERT INTO ShoppingCarts (oid,fid,quantity,fname,food_price_purchased) VALUES (100,16,3,'food 16',13);
INSERT INTO ShoppingCarts (oid,fid,quantity,fname,food_price_purchased) VALUES (199,28,1,'food 28',3);
INSERT INTO ShoppingCarts (oid,fid,quantity,fname,food_price_purchased) VALUES (64,34,2,'food 34',13);
INSERT INTO ShoppingCarts (oid,fid,quantity,fname,food_price_purchased) VALUES (143,118,3,'food 118',9);
INSERT INTO ShoppingCarts (oid,fid,quantity,fname,food_price_purchased) VALUES (37,106,2,'food 106',6);
INSERT INTO ShoppingCarts (oid,fid,quantity,fname,food_price_purchased) VALUES (6,28,2,'food 28',3);
INSERT INTO ShoppingCarts (oid,fid,quantity,fname,food_price_purchased) VALUES (69,112,3,'food 112',4);
INSERT INTO ShoppingCarts (oid,fid,quantity,fname,food_price_purchased) VALUES (80,127,1,'food 127',12);
INSERT INTO ShoppingCarts (oid,fid,quantity,fname,food_price_purchased) VALUES (166,124,1,'food 124',3);
INSERT INTO ShoppingCarts (oid,fid,quantity,fname,food_price_purchased) VALUES (192,116,1,'food 116',4);
INSERT INTO ShoppingCarts (oid,fid,quantity,fname,food_price_purchased) VALUES (49,123,3,'food 123',9);
INSERT INTO ShoppingCarts (oid,fid,quantity,fname,food_price_purchased) VALUES (54,80,2,'food 80',12);
INSERT INTO ShoppingCarts (oid,fid,quantity,fname,food_price_purchased) VALUES (17,195,3,'food 195',13);
INSERT INTO ShoppingCarts (oid,fid,quantity,fname,food_price_purchased) VALUES (178,33,2,'food 33',15);
INSERT INTO ShoppingCarts (oid,fid,quantity,fname,food_price_purchased) VALUES (39,152,2,'food 152',8);
INSERT INTO ShoppingCarts (oid,fid,quantity,fname,food_price_purchased) VALUES (101,173,3,'food 173',4);
INSERT INTO ShoppingCarts (oid,fid,quantity,fname,food_price_purchased) VALUES (150,186,2,'food 186',13);
INSERT INTO ShoppingCarts (oid,fid,quantity,fname,food_price_purchased) VALUES (11,28,2,'food 28',3);
INSERT INTO ShoppingCarts (oid,fid,quantity,fname,food_price_purchased) VALUES (101,167,2,'food 167',12);
INSERT INTO ShoppingCarts (oid,fid,quantity,fname,food_price_purchased) VALUES (117,49,3,'food 49',9);
INSERT INTO ShoppingCarts (oid,fid,quantity,fname,food_price_purchased) VALUES (96,124,2,'food 124',3);
INSERT INTO ShoppingCarts (oid,fid,quantity,fname,food_price_purchased) VALUES (77,31,2,'food 31',7);
INSERT INTO ShoppingCarts (oid,fid,quantity,fname,food_price_purchased) VALUES (121,152,3,'food 152',8);
INSERT INTO ShoppingCarts (oid,fid,quantity,fname,food_price_purchased) VALUES (169,153,3,'food 153',13);
INSERT INTO ShoppingCarts (oid,fid,quantity,fname,food_price_purchased) VALUES (90,130,3,'food 130',5);
INSERT INTO ShoppingCarts (oid,fid,quantity,fname,food_price_purchased) VALUES (76,4,2,'food 4',14);
INSERT INTO ShoppingCarts (oid,fid,quantity,fname,food_price_purchased) VALUES (108,62,2,'food 62',2);
INSERT INTO ShoppingCarts (oid,fid,quantity,fname,food_price_purchased) VALUES (51,184,1,'food 184',5);
INSERT INTO ShoppingCarts (oid,fid,quantity,fname,food_price_purchased) VALUES (155,116,2,'food 116',4);
INSERT INTO ShoppingCarts (oid,fid,quantity,fname,food_price_purchased) VALUES (131,81,3,'food 81',12);
INSERT INTO ShoppingCarts (oid,fid,quantity,fname,food_price_purchased) VALUES (54,36,3,'food 36',11);
INSERT INTO ShoppingCarts (oid,fid,quantity,fname,food_price_purchased) VALUES (53,28,3,'food 28',3);
INSERT INTO ShoppingCarts (oid,fid,quantity,fname,food_price_purchased) VALUES (163,21,1,'food 21',11);
INSERT INTO ShoppingCarts (oid,fid,quantity,fname,food_price_purchased) VALUES (138,102,2,'food 102',2);
INSERT INTO ShoppingCarts (oid,fid,quantity,fname,food_price_purchased) VALUES (113,97,1,'food 97',15);
INSERT INTO ShoppingCarts (oid,fid,quantity,fname,food_price_purchased) VALUES (49,115,1,'food 115',2);
INSERT INTO ShoppingCarts (oid,fid,quantity,fname,food_price_purchased) VALUES (55,26,3,'food 26',3);
INSERT INTO ShoppingCarts (oid,fid,quantity,fname,food_price_purchased) VALUES (33,87,2,'food 87',4);
INSERT INTO ShoppingCarts (oid,fid,quantity,fname,food_price_purchased) VALUES (110,160,3,'food 160',3);
INSERT INTO ShoppingCarts (oid,fid,quantity,fname,food_price_purchased) VALUES (142,104,1,'food 104',2);
INSERT INTO ShoppingCarts (oid,fid,quantity,fname,food_price_purchased) VALUES (196,42,3,'food 42',12);
INSERT INTO ShoppingCarts (oid,fid,quantity,fname,food_price_purchased) VALUES (117,41,2,'food 41',7);
INSERT INTO ShoppingCarts (oid,fid,quantity,fname,food_price_purchased) VALUES (26,32,1,'food 32',12);
INSERT INTO ShoppingCarts (oid,fid,quantity,fname,food_price_purchased) VALUES (178,161,2,'food 161',3);
INSERT INTO ShoppingCarts (oid,fid,quantity,fname,food_price_purchased) VALUES (188,4,1,'food 4',14);
INSERT INTO ShoppingCarts (oid,fid,quantity,fname,food_price_purchased) VALUES (149,28,3,'food 28',3);
INSERT INTO ShoppingCarts (oid,fid,quantity,fname,food_price_purchased) VALUES (138,100,2,'food 100',10);
INSERT INTO ShoppingCarts (oid,fid,quantity,fname,food_price_purchased) VALUES (98,81,2,'food 81',12);
INSERT INTO ShoppingCarts (oid,fid,quantity,fname,food_price_purchased) VALUES (197,126,2,'food 126',2);
INSERT INTO ShoppingCarts (oid,fid,quantity,fname,food_price_purchased) VALUES (176,50,2,'food 50',5);
INSERT INTO ShoppingCarts (oid,fid,quantity,fname,food_price_purchased) VALUES (29,15,1,'food 15',9);
INSERT INTO ShoppingCarts (oid,fid,quantity,fname,food_price_purchased) VALUES (3,108,2,'food 108',8);
INSERT INTO ShoppingCarts (oid,fid,quantity,fname,food_price_purchased) VALUES (87,118,1,'food 118',9);
INSERT INTO ShoppingCarts (oid,fid,quantity,fname,food_price_purchased) VALUES (55,161,2,'food 161',3);
INSERT INTO ShoppingCarts (oid,fid,quantity,fname,food_price_purchased) VALUES (5,56,1,'food 56',2);
INSERT INTO ShoppingCarts (oid,fid,quantity,fname,food_price_purchased) VALUES (11,42,3,'food 42',12);
INSERT INTO ShoppingCarts (oid,fid,quantity,fname,food_price_purchased) VALUES (69,130,1,'food 130',5);
INSERT INTO ShoppingCarts (oid,fid,quantity,fname,food_price_purchased) VALUES (173,109,1,'food 109',2);
INSERT INTO ShoppingCarts (oid,fid,quantity,fname,food_price_purchased) VALUES (194,26,2,'food 26',3);
INSERT INTO ShoppingCarts (oid,fid,quantity,fname,food_price_purchased) VALUES (126,73,1,'food 73',8);
INSERT INTO ShoppingCarts (oid,fid,quantity,fname,food_price_purchased) VALUES (99,137,1,'food 137',7);
INSERT INTO ShoppingCarts (oid,fid,quantity,fname,food_price_purchased) VALUES (113,137,2,'food 137',7);
INSERT INTO ShoppingCarts (oid,fid,quantity,fname,food_price_purchased) VALUES (193,128,3,'food 128',14);
INSERT INTO ShoppingCarts (oid,fid,quantity,fname,food_price_purchased) VALUES (169,124,1,'food 124',3);
INSERT INTO ShoppingCarts (oid,fid,quantity,fname,food_price_purchased) VALUES (116,191,2,'food 191',11);
INSERT INTO ShoppingCarts (oid,fid,quantity,fname,food_price_purchased) VALUES (139,151,3,'food 151',9);
INSERT INTO ShoppingCarts (oid,fid,quantity,fname,food_price_purchased) VALUES (150,71,1,'food 71',5);
INSERT INTO ShoppingCarts (oid,fid,quantity,fname,food_price_purchased) VALUES (156,191,1,'food 191',11);
INSERT INTO ShoppingCarts (oid,fid,quantity,fname,food_price_purchased) VALUES (82,60,2,'food 60',14);
INSERT INTO ShoppingCarts (oid,fid,quantity,fname,food_price_purchased) VALUES (31,175,1,'food 175',11);
INSERT INTO ShoppingCarts (oid,fid,quantity,fname,food_price_purchased) VALUES (45,136,2,'food 136',8);
INSERT INTO ShoppingCarts (oid,fid,quantity,fname,food_price_purchased) VALUES (40,153,1,'food 153',13);
INSERT INTO ShoppingCarts (oid,fid,quantity,fname,food_price_purchased) VALUES (162,164,1,'food 164',11);
INSERT INTO ShoppingCarts (oid,fid,quantity,fname,food_price_purchased) VALUES (36,77,1,'food 77',3);
INSERT INTO ShoppingCarts (oid,fid,quantity,fname,food_price_purchased) VALUES (133,138,3,'food 138',3);
INSERT INTO ShoppingCarts (oid,fid,quantity,fname,food_price_purchased) VALUES (141,189,3,'food 189',10);
INSERT INTO ShoppingCarts (oid,fid,quantity,fname,food_price_purchased) VALUES (68,9,2,'food 9',11);
INSERT INTO ShoppingCarts (oid,fid,quantity,fname,food_price_purchased) VALUES (172,31,1,'food 31',7);
INSERT INTO ShoppingCarts (oid,fid,quantity,fname,food_price_purchased) VALUES (178,53,3,'food 53',6);
INSERT INTO ShoppingCarts (oid,fid,quantity,fname,food_price_purchased) VALUES (171,115,2,'food 115',2);
INSERT INTO ShoppingCarts (oid,fid,quantity,fname,food_price_purchased) VALUES (184,185,1,'food 185',7);
INSERT INTO ShoppingCarts (oid,fid,quantity,fname,food_price_purchased) VALUES (155,174,1,'food 174',5);
INSERT INTO ShoppingCarts (oid,fid,quantity,fname,food_price_purchased) VALUES (14,139,2,'food 139',10);
INSERT INTO ShoppingCarts (oid,fid,quantity,fname,food_price_purchased) VALUES (151,62,2,'food 62',2);
INSERT INTO ShoppingCarts (oid,fid,quantity,fname,food_price_purchased) VALUES (69,69,1,'food 69',11);
INSERT INTO ShoppingCarts (oid,fid,quantity,fname,food_price_purchased) VALUES (200,39,1,'food 39',5);
INSERT INTO ShoppingCarts (oid,fid,quantity,fname,food_price_purchased) VALUES (80,32,1,'food 32',12);
INSERT INTO ShoppingCarts (oid,fid,quantity,fname,food_price_purchased) VALUES (171,162,3,'food 162',10);
INSERT INTO ShoppingCarts (oid,fid,quantity,fname,food_price_purchased) VALUES (199,49,3,'food 49',9);
INSERT INTO ShoppingCarts (oid,fid,quantity,fname,food_price_purchased) VALUES (145,58,1,'food 58',11);
INSERT INTO ShoppingCarts (oid,fid,quantity,fname,food_price_purchased) VALUES (115,97,2,'food 97',15);
INSERT INTO ShoppingCarts (oid,fid,quantity,fname,food_price_purchased) VALUES (88,155,1,'food 155',6);
INSERT INTO ShoppingCarts (oid,fid,quantity,fname,food_price_purchased) VALUES (176,30,3,'food 30',4);
INSERT INTO ShoppingCarts (oid,fid,quantity,fname,food_price_purchased) VALUES (39,152,3,'food 152',8);
INSERT INTO ShoppingCarts (oid,fid,quantity,fname,food_price_purchased) VALUES (80,101,1,'food 101',3);
INSERT INTO ShoppingCarts (oid,fid,quantity,fname,food_price_purchased) VALUES (145,143,1,'food 143',2);
INSERT INTO ShoppingCarts (oid,fid,quantity,fname,food_price_purchased) VALUES (46,100,3,'food 100',10);
INSERT INTO ShoppingCarts (oid,fid,quantity,fname,food_price_purchased) VALUES (109,165,3,'food 165',14);
INSERT INTO ShoppingCarts (oid,fid,quantity,fname,food_price_purchased) VALUES (47,140,2,'food 140',9);
INSERT INTO ShoppingCarts (oid,fid,quantity,fname,food_price_purchased) VALUES (169,13,2,'food 13',11);
INSERT INTO ShoppingCarts (oid,fid,quantity,fname,food_price_purchased) VALUES (151,153,3,'food 153',13);
INSERT INTO ShoppingCarts (oid,fid,quantity,fname,food_price_purchased) VALUES (116,84,1,'food 84',11);
INSERT INTO ShoppingCarts (oid,fid,quantity,fname,food_price_purchased) VALUES (76,106,3,'food 106',6);
INSERT INTO ShoppingCarts (oid,fid,quantity,fname,food_price_purchased) VALUES (138,21,2,'food 21',11);
INSERT INTO ShoppingCarts (oid,fid,quantity,fname,food_price_purchased) VALUES (30,122,1,'food 122',10);
INSERT INTO ShoppingCarts (oid,fid,quantity,fname,food_price_purchased) VALUES (186,87,3,'food 87',4);
INSERT INTO ShoppingCarts (oid,fid,quantity,fname,food_price_purchased) VALUES (172,197,1,'food 197',4);
INSERT INTO ShoppingCarts (oid,fid,quantity,fname,food_price_purchased) VALUES (73,144,2,'food 144',13);
INSERT INTO ShoppingCarts (oid,fid,quantity,fname,food_price_purchased) VALUES (77,50,3,'food 50',5);
INSERT INTO ShoppingCarts (oid,fid,quantity,fname,food_price_purchased) VALUES (92,78,1,'food 78',5);
INSERT INTO ShoppingCarts (oid,fid,quantity,fname,food_price_purchased) VALUES (141,84,1,'food 84',11);
INSERT INTO ShoppingCarts (oid,fid,quantity,fname,food_price_purchased) VALUES (63,33,1,'food 33',15);
INSERT INTO ShoppingCarts (oid,fid,quantity,fname,food_price_purchased) VALUES (167,178,2,'food 178',13);
INSERT INTO ShoppingCarts (oid,fid,quantity,fname,food_price_purchased) VALUES (121,38,3,'food 38',4);
INSERT INTO ShoppingCarts (oid,fid,quantity,fname,food_price_purchased) VALUES (49,140,1,'food 140',9);
INSERT INTO ShoppingCarts (oid,fid,quantity,fname,food_price_purchased) VALUES (125,128,1,'food 128',14);
INSERT INTO ShoppingCarts (oid,fid,quantity,fname,food_price_purchased) VALUES (10,99,3,'food 99',5);
INSERT INTO ShoppingCarts (oid,fid,quantity,fname,food_price_purchased) VALUES (82,91,3,'food 91',14);
INSERT INTO ShoppingCarts (oid,fid,quantity,fname,food_price_purchased) VALUES (142,100,2,'food 100',10);
INSERT INTO ShoppingCarts (oid,fid,quantity,fname,food_price_purchased) VALUES (132,130,2,'food 130',5);
INSERT INTO ShoppingCarts (oid,fid,quantity,fname,food_price_purchased) VALUES (57,60,3,'food 60',14);
INSERT INTO ShoppingCarts (oid,fid,quantity,fname,food_price_purchased) VALUES (10,15,1,'food 15',9);
INSERT INTO ShoppingCarts (oid,fid,quantity,fname,food_price_purchased) VALUES (2,178,2,'food 178',13);
INSERT INTO ShoppingCarts (oid,fid,quantity,fname,food_price_purchased) VALUES (47,90,1,'food 90',5);
INSERT INTO ShoppingCarts (oid,fid,quantity,fname,food_price_purchased) VALUES (4,49,3,'food 49',9);
INSERT INTO ShoppingCarts (oid,fid,quantity,fname,food_price_purchased) VALUES (162,13,2,'food 13',11);
INSERT INTO ShoppingCarts (oid,fid,quantity,fname,food_price_purchased) VALUES (5,62,1,'food 62',2);
INSERT INTO ShoppingCarts (oid,fid,quantity,fname,food_price_purchased) VALUES (115,67,3,'food 67',2);
INSERT INTO ShoppingCarts (oid,fid,quantity,fname,food_price_purchased) VALUES (27,190,3,'food 190',9);
INSERT INTO ShoppingCarts (oid,fid,quantity,fname,food_price_purchased) VALUES (8,158,1,'food 158',11);
INSERT INTO ShoppingCarts (oid,fid,quantity,fname,food_price_purchased) VALUES (31,125,1,'food 125',7);
INSERT INTO ShoppingCarts (oid,fid,quantity,fname,food_price_purchased) VALUES (77,17,2,'food 17',11);
INSERT INTO ShoppingCarts (oid,fid,quantity,fname,food_price_purchased) VALUES (10,125,3,'food 125',7);
INSERT INTO ShoppingCarts (oid,fid,quantity,fname,food_price_purchased) VALUES (35,80,1,'food 80',12);
INSERT INTO ShoppingCarts (oid,fid,quantity,fname,food_price_purchased) VALUES (47,180,1,'food 180',7);
INSERT INTO ShoppingCarts (oid,fid,quantity,fname,food_price_purchased) VALUES (177,10,1,'food 10',3);
INSERT INTO ShoppingCarts (oid,fid,quantity,fname,food_price_purchased) VALUES (67,166,3,'food 166',12);
INSERT INTO ShoppingCarts (oid,fid,quantity,fname,food_price_purchased) VALUES (83,181,2,'food 181',11);
INSERT INTO ShoppingCarts (oid,fid,quantity,fname,food_price_purchased) VALUES (92,147,1,'food 147',8);
INSERT INTO ShoppingCarts (oid,fid,quantity,fname,food_price_purchased) VALUES (105,195,2,'food 195',13);
INSERT INTO ShoppingCarts (oid,fid,quantity,fname,food_price_purchased) VALUES (56,134,2,'food 134',14);
INSERT INTO ShoppingCarts (oid,fid,quantity,fname,food_price_purchased) VALUES (149,26,1,'food 26',3);
INSERT INTO ShoppingCarts (oid,fid,quantity,fname,food_price_purchased) VALUES (3,84,2,'food 84',11);
INSERT INTO ShoppingCarts (oid,fid,quantity,fname,food_price_purchased) VALUES (97,17,1,'food 17',11);
INSERT INTO ShoppingCarts (oid,fid,quantity,fname,food_price_purchased) VALUES (95,194,3,'food 194',12);
INSERT INTO ShoppingCarts (oid,fid,quantity,fname,food_price_purchased) VALUES (110,171,2,'food 171',9);
INSERT INTO ShoppingCarts (oid,fid,quantity,fname,food_price_purchased) VALUES (7,132,1,'food 132',4);
INSERT INTO ShoppingCarts (oid,fid,quantity,fname,food_price_purchased) VALUES (196,45,3,'food 45',6);
INSERT INTO ShoppingCarts (oid,fid,quantity,fname,food_price_purchased) VALUES (143,170,1,'food 170',6);
INSERT INTO ShoppingCarts (oid,fid,quantity,fname,food_price_purchased) VALUES (96,153,2,'food 153',13);
INSERT INTO ShoppingCarts (oid,fid,quantity,fname,food_price_purchased) VALUES (194,101,3,'food 101',3);
INSERT INTO ShoppingCarts (oid,fid,quantity,fname,food_price_purchased) VALUES (27,99,2,'food 99',5);
INSERT INTO ShoppingCarts (oid,fid,quantity,fname,food_price_purchased) VALUES (49,47,1,'food 47',9);
INSERT INTO ShoppingCarts (oid,fid,quantity,fname,food_price_purchased) VALUES (171,186,3,'food 186',13);
INSERT INTO ShoppingCarts (oid,fid,quantity,fname,food_price_purchased) VALUES (60,87,2,'food 87',4);
INSERT INTO ShoppingCarts (oid,fid,quantity,fname,food_price_purchased) VALUES (35,185,1,'food 185',7);
INSERT INTO ShoppingCarts (oid,fid,quantity,fname,food_price_purchased) VALUES (164,127,1,'food 127',12);
INSERT INTO ShoppingCarts (oid,fid,quantity,fname,food_price_purchased) VALUES (179,89,2,'food 89',7);
INSERT INTO ShoppingCarts (oid,fid,quantity,fname,food_price_purchased) VALUES (24,46,2,'food 46',15);
INSERT INTO ShoppingCarts (oid,fid,quantity,fname,food_price_purchased) VALUES (186,111,3,'food 111',15);
INSERT INTO ShoppingCarts (oid,fid,quantity,fname,food_price_purchased) VALUES (177,143,3,'food 143',2);
INSERT INTO ShoppingCarts (oid,fid,quantity,fname,food_price_purchased) VALUES (59,185,3,'food 185',7);
INSERT INTO ShoppingCarts (oid,fid,quantity,fname,food_price_purchased) VALUES (157,106,2,'food 106',6);
INSERT INTO ShoppingCarts (oid,fid,quantity,fname,food_price_purchased) VALUES (93,15,1,'food 15',9);
INSERT INTO ShoppingCarts (oid,fid,quantity,fname,food_price_purchased) VALUES (42,87,1,'food 87',4);
INSERT INTO ShoppingCarts (oid,fid,quantity,fname,food_price_purchased) VALUES (70,19,1,'food 19',2);
INSERT INTO ShoppingCarts (oid,fid,quantity,fname,food_price_purchased) VALUES (75,153,3,'food 153',13);
INSERT INTO ShoppingCarts (oid,fid,quantity,fname,food_price_purchased) VALUES (37,159,2,'food 159',3);
INSERT INTO ShoppingCarts (oid,fid,quantity,fname,food_price_purchased) VALUES (100,154,2,'food 154',7);
INSERT INTO ShoppingCarts (oid,fid,quantity,fname,food_price_purchased) VALUES (7,134,2,'food 134',14);
INSERT INTO ShoppingCarts (oid,fid,quantity,fname,food_price_purchased) VALUES (34,155,1,'food 155',6);
INSERT INTO ShoppingCarts (oid,fid,quantity,fname,food_price_purchased) VALUES (35,44,2,'food 44',9);
INSERT INTO ShoppingCarts (oid,fid,quantity,fname,food_price_purchased) VALUES (185,184,3,'food 184',5);
INSERT INTO ShoppingCarts (oid,fid,quantity,fname,food_price_purchased) VALUES (136,90,1,'food 90',5);
INSERT INTO ShoppingCarts (oid,fid,quantity,fname,food_price_purchased) VALUES (86,48,3,'food 48',12);
INSERT INTO ShoppingCarts (oid,fid,quantity,fname,food_price_purchased) VALUES (154,65,2,'food 65',9);
INSERT INTO ShoppingCarts (oid,fid,quantity,fname,food_price_purchased) VALUES (36,193,1,'food 193',11);
INSERT INTO ShoppingCarts (oid,fid,quantity,fname,food_price_purchased) VALUES (59,178,2,'food 178',13);
INSERT INTO ShoppingCarts (oid,fid,quantity,fname,food_price_purchased) VALUES (38,140,3,'food 140',9);
INSERT INTO ShoppingCarts (oid,fid,quantity,fname,food_price_purchased) VALUES (25,136,2,'food 136',8);
INSERT INTO ShoppingCarts (oid,fid,quantity,fname,food_price_purchased) VALUES (118,186,2,'food 186',13);
INSERT INTO ShoppingCarts (oid,fid,quantity,fname,food_price_purchased) VALUES (46,27,2,'food 27',10);
INSERT INTO ShoppingCarts (oid,fid,quantity,fname,food_price_purchased) VALUES (97,47,1,'food 47',9);
INSERT INTO ShoppingCarts (oid,fid,quantity,fname,food_price_purchased) VALUES (128,56,2,'food 56',2);
INSERT INTO ShoppingCarts (oid,fid,quantity,fname,food_price_purchased) VALUES (177,90,3,'food 90',5);
INSERT INTO ShoppingCarts (oid,fid,quantity,fname,food_price_purchased) VALUES (104,173,2,'food 173',4);
INSERT INTO ShoppingCarts (oid,fid,quantity,fname,food_price_purchased) VALUES (2,101,2,'food 101',3);
INSERT INTO ShoppingCarts (oid,fid,quantity,fname,food_price_purchased) VALUES (166,134,2,'food 134',14);
INSERT INTO ShoppingCarts (oid,fid,quantity,fname,food_price_purchased) VALUES (77,122,3,'food 122',10);
INSERT INTO ShoppingCarts (oid,fid,quantity,fname,food_price_purchased) VALUES (195,67,3,'food 67',2);
INSERT INTO ShoppingCarts (oid,fid,quantity,fname,food_price_purchased) VALUES (34,104,2,'food 104',2);
INSERT INTO ShoppingCarts (oid,fid,quantity,fname,food_price_purchased) VALUES (55,138,3,'food 138',3);
INSERT INTO ShoppingCarts (oid,fid,quantity,fname,food_price_purchased) VALUES (184,98,3,'food 98',5);
INSERT INTO ShoppingCarts (oid,fid,quantity,fname,food_price_purchased) VALUES (69,139,1,'food 139',10);
INSERT INTO ShoppingCarts (oid,fid,quantity,fname,food_price_purchased) VALUES (186,198,3,'food 198',7);
INSERT INTO ShoppingCarts (oid,fid,quantity,fname,food_price_purchased) VALUES (74,68,3,'food 68',9);
INSERT INTO ShoppingCarts (oid,fid,quantity,fname,food_price_purchased) VALUES (149,106,3,'food 106',6);
INSERT INTO ShoppingCarts (oid,fid,quantity,fname,food_price_purchased) VALUES (184,169,3,'food 169',8);
INSERT INTO ShoppingCarts (oid,fid,quantity,fname,food_price_purchased) VALUES (143,87,1,'food 87',4);
INSERT INTO ShoppingCarts (oid,fid,quantity,fname,food_price_purchased) VALUES (4,169,1,'food 169',8);
INSERT INTO ShoppingCarts (oid,fid,quantity,fname,food_price_purchased) VALUES (124,14,3,'food 14',9);
INSERT INTO ShoppingCarts (oid,fid,quantity,fname,food_price_purchased) VALUES (22,189,2,'food 189',10);
INSERT INTO ShoppingCarts (oid,fid,quantity,fname,food_price_purchased) VALUES (174,7,2,'food 7',10);
INSERT INTO ShoppingCarts (oid,fid,quantity,fname,food_price_purchased) VALUES (168,1,2,'food 1',7);
INSERT INTO ShoppingCarts (oid,fid,quantity,fname,food_price_purchased) VALUES (144,108,1,'food 108',8);
INSERT INTO ShoppingCarts (oid,fid,quantity,fname,food_price_purchased) VALUES (142,68,2,'food 68',9);
INSERT INTO ShoppingCarts (oid,fid,quantity,fname,food_price_purchased) VALUES (63,56,2,'food 56',2);
INSERT INTO ShoppingCarts (oid,fid,quantity,fname,food_price_purchased) VALUES (6,190,3,'food 190',9);
INSERT INTO ShoppingCarts (oid,fid,quantity,fname,food_price_purchased) VALUES (172,100,1,'food 100',10);
INSERT INTO ShoppingCarts (oid,fid,quantity,fname,food_price_purchased) VALUES (179,136,3,'food 136',8);
INSERT INTO ShoppingCarts (oid,fid,quantity,fname,food_price_purchased) VALUES (76,162,2,'food 162',10);
INSERT INTO ShoppingCarts (oid,fid,quantity,fname,food_price_purchased) VALUES (158,133,2,'food 133',2);
INSERT INTO ShoppingCarts (oid,fid,quantity,fname,food_price_purchased) VALUES (159,193,3,'food 193',11);
INSERT INTO ShoppingCarts (oid,fid,quantity,fname,food_price_purchased) VALUES (63,145,3,'food 145',9);
INSERT INTO ShoppingCarts (oid,fid,quantity,fname,food_price_purchased) VALUES (132,18,2,'food 18',3);
INSERT INTO ShoppingCarts (oid,fid,quantity,fname,food_price_purchased) VALUES (4,134,3,'food 134',14);
INSERT INTO ShoppingCarts (oid,fid,quantity,fname,food_price_purchased) VALUES (164,121,2,'food 121',15);
INSERT INTO ShoppingCarts (oid,fid,quantity,fname,food_price_purchased) VALUES (69,45,2,'food 45',6);
INSERT INTO ShoppingCarts (oid,fid,quantity,fname,food_price_purchased) VALUES (97,115,3,'food 115',2);
INSERT INTO ShoppingCarts (oid,fid,quantity,fname,food_price_purchased) VALUES (39,176,2,'food 176',4);
INSERT INTO ShoppingCarts (oid,fid,quantity,fname,food_price_purchased) VALUES (109,100,3,'food 100',10);
INSERT INTO ShoppingCarts (oid,fid,quantity,fname,food_price_purchased) VALUES (80,154,2,'food 154',7);
INSERT INTO ShoppingCarts (oid,fid,quantity,fname,food_price_purchased) VALUES (131,162,3,'food 162',10);
INSERT INTO ShoppingCarts (oid,fid,quantity,fname,food_price_purchased) VALUES (86,152,2,'food 152',8);
INSERT INTO ShoppingCarts (oid,fid,quantity,fname,food_price_purchased) VALUES (181,10,2,'food 10',3);
INSERT INTO ShoppingCarts (oid,fid,quantity,fname,food_price_purchased) VALUES (36,67,3,'food 67',2);
INSERT INTO ShoppingCarts (oid,fid,quantity,fname,food_price_purchased) VALUES (35,123,2,'food 123',9);
INSERT INTO ShoppingCarts (oid,fid,quantity,fname,food_price_purchased) VALUES (180,143,3,'food 143',2);
INSERT INTO ShoppingCarts (oid,fid,quantity,fname,food_price_purchased) VALUES (69,75,1,'food 75',13);
INSERT INTO ShoppingCarts (oid,fid,quantity,fname,food_price_purchased) VALUES (176,198,3,'food 198',7);
INSERT INTO ShoppingCarts (oid,fid,quantity,fname,food_price_purchased) VALUES (65,183,1,'food 183',6);
INSERT INTO ShoppingCarts (oid,fid,quantity,fname,food_price_purchased) VALUES (155,52,1,'food 52',14);
INSERT INTO ShoppingCarts (oid,fid,quantity,fname,food_price_purchased) VALUES (67,131,3,'food 131',7);
INSERT INTO ShoppingCarts (oid,fid,quantity,fname,food_price_purchased) VALUES (139,53,1,'food 53',6);
INSERT INTO ShoppingCarts (oid,fid,quantity,fname,food_price_purchased) VALUES (76,118,2,'food 118',9);
INSERT INTO ShoppingCarts (oid,fid,quantity,fname,food_price_purchased) VALUES (75,54,1,'food 54',9);
INSERT INTO ShoppingCarts (oid,fid,quantity,fname,food_price_purchased) VALUES (30,9,1,'food 9',11);
INSERT INTO ShoppingCarts (oid,fid,quantity,fname,food_price_purchased) VALUES (105,148,2,'food 148',10);
INSERT INTO ShoppingCarts (oid,fid,quantity,fname,food_price_purchased) VALUES (149,27,1,'food 27',10);
INSERT INTO ShoppingCarts (oid,fid,quantity,fname,food_price_purchased) VALUES (129,171,2,'food 171',9);
INSERT INTO ShoppingCarts (oid,fid,quantity,fname,food_price_purchased) VALUES (197,145,2,'food 145',9);
INSERT INTO ShoppingCarts (oid,fid,quantity,fname,food_price_purchased) VALUES (1,35,2,'food 35',2);
INSERT INTO ShoppingCarts (oid,fid,quantity,fname,food_price_purchased) VALUES (49,97,2,'food 97',15);
INSERT INTO ShoppingCarts (oid,fid,quantity,fname,food_price_purchased) VALUES (143,76,2,'food 76',12);
INSERT INTO ShoppingCarts (oid,fid,quantity,fname,food_price_purchased) VALUES (80,86,2,'food 86',5);
INSERT INTO ShoppingCarts (oid,fid,quantity,fname,food_price_purchased) VALUES (170,9,3,'food 9',11);
INSERT INTO ShoppingCarts (oid,fid,quantity,fname,food_price_purchased) VALUES (159,97,1,'food 97',15);
INSERT INTO ShoppingCarts (oid,fid,quantity,fname,food_price_purchased) VALUES (173,118,2,'food 118',9);
INSERT INTO ShoppingCarts (oid,fid,quantity,fname,food_price_purchased) VALUES (114,140,2,'food 140',9);
INSERT INTO ShoppingCarts (oid,fid,quantity,fname,food_price_purchased) VALUES (25,105,2,'food 105',8);
INSERT INTO ShoppingCarts (oid,fid,quantity,fname,food_price_purchased) VALUES (65,85,2,'food 85',14);
INSERT INTO ShoppingCarts (oid,fid,quantity,fname,food_price_purchased) VALUES (70,104,3,'food 104',2);
INSERT INTO ShoppingCarts (oid,fid,quantity,fname,food_price_purchased) VALUES (104,149,2,'food 149',5);
INSERT INTO ShoppingCarts (oid,fid,quantity,fname,food_price_purchased) VALUES (157,193,3,'food 193',11);
INSERT INTO ShoppingCarts (oid,fid,quantity,fname,food_price_purchased) VALUES (28,13,1,'food 13',11);
INSERT INTO ShoppingCarts (oid,fid,quantity,fname,food_price_purchased) VALUES (139,113,3,'food 113',8);
INSERT INTO ShoppingCarts (oid,fid,quantity,fname,food_price_purchased) VALUES (148,140,3,'food 140',9);
INSERT INTO ShoppingCarts (oid,fid,quantity,fname,food_price_purchased) VALUES (108,150,3,'food 150',6);
INSERT INTO ShoppingCarts (oid,fid,quantity,fname,food_price_purchased) VALUES (169,8,1,'food 8',3);
INSERT INTO ShoppingCarts (oid,fid,quantity,fname,food_price_purchased) VALUES (118,164,1,'food 164',11);
INSERT INTO ShoppingCarts (oid,fid,quantity,fname,food_price_purchased) VALUES (105,57,3,'food 57',8);
INSERT INTO ShoppingCarts (oid,fid,quantity,fname,food_price_purchased) VALUES (1,47,1,'food 47',9);
INSERT INTO ShoppingCarts (oid,fid,quantity,fname,food_price_purchased) VALUES (52,51,1,'food 51',9);
INSERT INTO ShoppingCarts (oid,fid,quantity,fname,food_price_purchased) VALUES (142,13,3,'food 13',11);
INSERT INTO ShoppingCarts (oid,fid,quantity,fname,food_price_purchased) VALUES (130,171,2,'food 171',9);
INSERT INTO ShoppingCarts (oid,fid,quantity,fname,food_price_purchased) VALUES (188,152,2,'food 152',8);
INSERT INTO ShoppingCarts (oid,fid,quantity,fname,food_price_purchased) VALUES (64,19,2,'food 19',2);
INSERT INTO ShoppingCarts (oid,fid,quantity,fname,food_price_purchased) VALUES (33,24,1,'food 24',12);
INSERT INTO ShoppingCarts (oid,fid,quantity,fname,food_price_purchased) VALUES (98,149,1,'food 149',5);
INSERT INTO ShoppingCarts (oid,fid,quantity,fname,food_price_purchased) VALUES (68,52,3,'food 52',14);
INSERT INTO ShoppingCarts (oid,fid,quantity,fname,food_price_purchased) VALUES (182,101,2,'food 101',3);
INSERT INTO ShoppingCarts (oid,fid,quantity,fname,food_price_purchased) VALUES (1,64,3,'food 64',6);
INSERT INTO ShoppingCarts (oid,fid,quantity,fname,food_price_purchased) VALUES (16,150,1,'food 150',6);
INSERT INTO ShoppingCarts (oid,fid,quantity,fname,food_price_purchased) VALUES (159,116,1,'food 116',4);
INSERT INTO ShoppingCarts (oid,fid,quantity,fname,food_price_purchased) VALUES (166,190,1,'food 190',9);
INSERT INTO ShoppingCarts (oid,fid,quantity,fname,food_price_purchased) VALUES (87,88,1,'food 88',12);
INSERT INTO ShoppingCarts (oid,fid,quantity,fname,food_price_purchased) VALUES (154,59,3,'food 59',2);
INSERT INTO ShoppingCarts (oid,fid,quantity,fname,food_price_purchased) VALUES (187,122,3,'food 122',10);
INSERT INTO ShoppingCarts (oid,fid,quantity,fname,food_price_purchased) VALUES (128,75,1,'food 75',13);
INSERT INTO ShoppingCarts (oid,fid,quantity,fname,food_price_purchased) VALUES (199,108,1,'food 108',8);
INSERT INTO ShoppingCarts (oid,fid,quantity,fname,food_price_purchased) VALUES (62,119,2,'food 119',12);
INSERT INTO ShoppingCarts (oid,fid,quantity,fname,food_price_purchased) VALUES (195,41,1,'food 41',7);
INSERT INTO ShoppingCarts (oid,fid,quantity,fname,food_price_purchased) VALUES (66,23,3,'food 23',12);
INSERT INTO ShoppingCarts (oid,fid,quantity,fname,food_price_purchased) VALUES (113,179,1,'food 179',11);
INSERT INTO ShoppingCarts (oid,fid,quantity,fname,food_price_purchased) VALUES (124,2,1,'food 2',12);
INSERT INTO ShoppingCarts (oid,fid,quantity,fname,food_price_purchased) VALUES (135,46,1,'food 46',15);
INSERT INTO ShoppingCarts (oid,fid,quantity,fname,food_price_purchased) VALUES (42,103,1,'food 103',9);
INSERT INTO ShoppingCarts (oid,fid,quantity,fname,food_price_purchased) VALUES (87,42,1,'food 42',12);
INSERT INTO ShoppingCarts (oid,fid,quantity,fname,food_price_purchased) VALUES (78,21,2,'food 21',11);
INSERT INTO ShoppingCarts (oid,fid,quantity,fname,food_price_purchased) VALUES (183,9,1,'food 9',11);
INSERT INTO ShoppingCarts (oid,fid,quantity,fname,food_price_purchased) VALUES (46,83,3,'food 83',10);
INSERT INTO ShoppingCarts (oid,fid,quantity,fname,food_price_purchased) VALUES (182,22,1,'food 22',13);
INSERT INTO ShoppingCarts (oid,fid,quantity,fname,food_price_purchased) VALUES (43,120,3,'food 120',9);
INSERT INTO ShoppingCarts (oid,fid,quantity,fname,food_price_purchased) VALUES (25,100,1,'food 100',10);
INSERT INTO ShoppingCarts (oid,fid,quantity,fname,food_price_purchased) VALUES (88,191,2,'food 191',11);
INSERT INTO ShoppingCarts (oid,fid,quantity,fname,food_price_purchased) VALUES (139,27,1,'food 27',10);
INSERT INTO ShoppingCarts (oid,fid,quantity,fname,food_price_purchased) VALUES (27,28,2,'food 28',3);
INSERT INTO ShoppingCarts (oid,fid,quantity,fname,food_price_purchased) VALUES (197,70,3,'food 70',12);
INSERT INTO ShoppingCarts (oid,fid,quantity,fname,food_price_purchased) VALUES (133,182,2,'food 182',6);
INSERT INTO ShoppingCarts (oid,fid,quantity,fname,food_price_purchased) VALUES (63,77,3,'food 77',3);
INSERT INTO ShoppingCarts (oid,fid,quantity,fname,food_price_purchased) VALUES (114,166,3,'food 166',12);
INSERT INTO ShoppingCarts (oid,fid,quantity,fname,food_price_purchased) VALUES (93,176,3,'food 176',4);
INSERT INTO ShoppingCarts (oid,fid,quantity,fname,food_price_purchased) VALUES (152,19,1,'food 19',2);
INSERT INTO ShoppingCarts (oid,fid,quantity,fname,food_price_purchased) VALUES (101,41,3,'food 41',7);
INSERT INTO ShoppingCarts (oid,fid,quantity,fname,food_price_purchased) VALUES (80,137,3,'food 137',7);
INSERT INTO ShoppingCarts (oid,fid,quantity,fname,food_price_purchased) VALUES (156,39,1,'food 39',5);
INSERT INTO ShoppingCarts (oid,fid,quantity,fname,food_price_purchased) VALUES (186,95,3,'food 95',5);
INSERT INTO ShoppingCarts (oid,fid,quantity,fname,food_price_purchased) VALUES (162,52,2,'food 52',14);
INSERT INTO ShoppingCarts (oid,fid,quantity,fname,food_price_purchased) VALUES (146,133,1,'food 133',2);
INSERT INTO ShoppingCarts (oid,fid,quantity,fname,food_price_purchased) VALUES (36,41,3,'food 41',7);
INSERT INTO ShoppingCarts (oid,fid,quantity,fname,food_price_purchased) VALUES (47,190,2,'food 190',9);
INSERT INTO ShoppingCarts (oid,fid,quantity,fname,food_price_purchased) VALUES (72,69,2,'food 69',11);
INSERT INTO ShoppingCarts (oid,fid,quantity,fname,food_price_purchased) VALUES (15,132,2,'food 132',4);
INSERT INTO ShoppingCarts (oid,fid,quantity,fname,food_price_purchased) VALUES (14,44,3,'food 44',9);
INSERT INTO ShoppingCarts (oid,fid,quantity,fname,food_price_purchased) VALUES (130,78,1,'food 78',5);
INSERT INTO ShoppingCarts (oid,fid,quantity,fname,food_price_purchased) VALUES (197,39,3,'food 39',5);
INSERT INTO ShoppingCarts (oid,fid,quantity,fname,food_price_purchased) VALUES (139,197,3,'food 197',4);
INSERT INTO ShoppingCarts (oid,fid,quantity,fname,food_price_purchased) VALUES (146,65,1,'food 65',9);
INSERT INTO ShoppingCarts (oid,fid,quantity,fname,food_price_purchased) VALUES (7,157,1,'food 157',6);
INSERT INTO ShoppingCarts (oid,fid,quantity,fname,food_price_purchased) VALUES (16,45,1,'food 45',6);
INSERT INTO ShoppingCarts (oid,fid,quantity,fname,food_price_purchased) VALUES (148,126,2,'food 126',2);
INSERT INTO ShoppingCarts (oid,fid,quantity,fname,food_price_purchased) VALUES (7,12,1,'food 12',6);
INSERT INTO ShoppingCarts (oid,fid,quantity,fname,food_price_purchased) VALUES (153,113,3,'food 113',8);
INSERT INTO ShoppingCarts (oid,fid,quantity,fname,food_price_purchased) VALUES (76,171,1,'food 171',9);
INSERT INTO ShoppingCarts (oid,fid,quantity,fname,food_price_purchased) VALUES (193,101,2,'food 101',3);
INSERT INTO ShoppingCarts (oid,fid,quantity,fname,food_price_purchased) VALUES (190,96,2,'food 96',12);
INSERT INTO ShoppingCarts (oid,fid,quantity,fname,food_price_purchased) VALUES (68,19,1,'food 19',2);
INSERT INTO ShoppingCarts (oid,fid,quantity,fname,food_price_purchased) VALUES (127,24,3,'food 24',12);
INSERT INTO ShoppingCarts (oid,fid,quantity,fname,food_price_purchased) VALUES (184,121,2,'food 121',15);
INSERT INTO ShoppingCarts (oid,fid,quantity,fname,food_price_purchased) VALUES (60,7,3,'food 7',10);
INSERT INTO ShoppingCarts (oid,fid,quantity,fname,food_price_purchased) VALUES (51,55,3,'food 55',12);
INSERT INTO ShoppingCarts (oid,fid,quantity,fname,food_price_purchased) VALUES (77,107,3,'food 107',12);
INSERT INTO ShoppingCarts (oid,fid,quantity,fname,food_price_purchased) VALUES (123,130,3,'food 130',5);
INSERT INTO ShoppingCarts (oid,fid,quantity,fname,food_price_purchased) VALUES (186,170,3,'food 170',6);
INSERT INTO ShoppingCarts (oid,fid,quantity,fname,food_price_purchased) VALUES (53,66,3,'food 66',12);
INSERT INTO ShoppingCarts (oid,fid,quantity,fname,food_price_purchased) VALUES (38,67,2,'food 67',2);
INSERT INTO ShoppingCarts (oid,fid,quantity,fname,food_price_purchased) VALUES (74,200,1,'food 200',13);
INSERT INTO ShoppingCarts (oid,fid,quantity,fname,food_price_purchased) VALUES (2,125,2,'food 125',7);
INSERT INTO ShoppingCarts (oid,fid,quantity,fname,food_price_purchased) VALUES (122,179,2,'food 179',11);
INSERT INTO ShoppingCarts (oid,fid,quantity,fname,food_price_purchased) VALUES (122,24,2,'food 24',12);
INSERT INTO ShoppingCarts (oid,fid,quantity,fname,food_price_purchased) VALUES (39,1,1,'food 1',7);
INSERT INTO ShoppingCarts (oid,fid,quantity,fname,food_price_purchased) VALUES (133,193,2,'food 193',11);
INSERT INTO ShoppingCarts (oid,fid,quantity,fname,food_price_purchased) VALUES (99,182,2,'food 182',6);
INSERT INTO ShoppingCarts (oid,fid,quantity,fname,food_price_purchased) VALUES (198,79,1,'food 79',8);
INSERT INTO ShoppingCarts (oid,fid,quantity,fname,food_price_purchased) VALUES (36,162,3,'food 162',10);
INSERT INTO ShoppingCarts (oid,fid,quantity,fname,food_price_purchased) VALUES (82,116,1,'food 116',4);
INSERT INTO ShoppingCarts (oid,fid,quantity,fname,food_price_purchased) VALUES (175,26,1,'food 26',3);
INSERT INTO ShoppingCarts (oid,fid,quantity,fname,food_price_purchased) VALUES (65,136,3,'food 136',8);
INSERT INTO ShoppingCarts (oid,fid,quantity,fname,food_price_purchased) VALUES (150,127,1,'food 127',12);
INSERT INTO ShoppingCarts (oid,fid,quantity,fname,food_price_purchased) VALUES (149,47,3,'food 47',9);
INSERT INTO ShoppingCarts (oid,fid,quantity,fname,food_price_purchased) VALUES (150,122,2,'food 122',10);
INSERT INTO ShoppingCarts (oid,fid,quantity,fname,food_price_purchased) VALUES (66,72,1,'food 72',11);
INSERT INTO ShoppingCarts (oid,fid,quantity,fname,food_price_purchased) VALUES (48,13,1,'food 13',11);
INSERT INTO ShoppingCarts (oid,fid,quantity,fname,food_price_purchased) VALUES (155,41,2,'food 41',7);
INSERT INTO ShoppingCarts (oid,fid,quantity,fname,food_price_purchased) VALUES (138,16,2,'food 16',13);
INSERT INTO ShoppingCarts (oid,fid,quantity,fname,food_price_purchased) VALUES (67,88,2,'food 88',12);
INSERT INTO ShoppingCarts (oid,fid,quantity,fname,food_price_purchased) VALUES (63,43,3,'food 43',9);
INSERT INTO ShoppingCarts (oid,fid,quantity,fname,food_price_purchased) VALUES (98,154,2,'food 154',7);
INSERT INTO ShoppingCarts (oid,fid,quantity,fname,food_price_purchased) VALUES (11,34,1,'food 34',13);
INSERT INTO ShoppingCarts (oid,fid,quantity,fname,food_price_purchased) VALUES (7,83,2,'food 83',10);
INSERT INTO ShoppingCarts (oid,fid,quantity,fname,food_price_purchased) VALUES (105,127,3,'food 127',12);
INSERT INTO ShoppingCarts (oid,fid,quantity,fname,food_price_purchased) VALUES (68,175,2,'food 175',11);
INSERT INTO ShoppingCarts (oid,fid,quantity,fname,food_price_purchased) VALUES (154,69,1,'food 69',11);
INSERT INTO ShoppingCarts (oid,fid,quantity,fname,food_price_purchased) VALUES (37,54,3,'food 54',9);
INSERT INTO ShoppingCarts (oid,fid,quantity,fname,food_price_purchased) VALUES (24,114,2,'food 114',6);
INSERT INTO ShoppingCarts (oid,fid,quantity,fname,food_price_purchased) VALUES (136,36,3,'food 36',11);
INSERT INTO ShoppingCarts (oid,fid,quantity,fname,food_price_purchased) VALUES (95,7,2,'food 7',10);
INSERT INTO ShoppingCarts (oid,fid,quantity,fname,food_price_purchased) VALUES (128,132,2,'food 132',4);
INSERT INTO ShoppingCarts (oid,fid,quantity,fname,food_price_purchased) VALUES (197,59,1,'food 59',2);
INSERT INTO ShoppingCarts (oid,fid,quantity,fname,food_price_purchased) VALUES (16,26,3,'food 26',3);
INSERT INTO ShoppingCarts (oid,fid,quantity,fname,food_price_purchased) VALUES (55,162,2,'food 162',10);
INSERT INTO ShoppingCarts (oid,fid,quantity,fname,food_price_purchased) VALUES (187,22,2,'food 22',13);
INSERT INTO ShoppingCarts (oid,fid,quantity,fname,food_price_purchased) VALUES (57,43,1,'food 43',9);
INSERT INTO ShoppingCarts (oid,fid,quantity,fname,food_price_purchased) VALUES (64,6,2,'food 6',11);
INSERT INTO ShoppingCarts (oid,fid,quantity,fname,food_price_purchased) VALUES (143,73,3,'food 73',8);
INSERT INTO ShoppingCarts (oid,fid,quantity,fname,food_price_purchased) VALUES (133,33,1,'food 33',15);
INSERT INTO ShoppingCarts (oid,fid,quantity,fname,food_price_purchased) VALUES (53,33,1,'food 33',15);
INSERT INTO ShoppingCarts (oid,fid,quantity,fname,food_price_purchased) VALUES (133,56,2,'food 56',2);
INSERT INTO ShoppingCarts (oid,fid,quantity,fname,food_price_purchased) VALUES (182,12,2,'food 12',6);
INSERT INTO ShoppingCarts (oid,fid,quantity,fname,food_price_purchased) VALUES (159,194,2,'food 194',12);
INSERT INTO ShoppingCarts (oid,fid,quantity,fname,food_price_purchased) VALUES (169,169,1,'food 169',8);
INSERT INTO ShoppingCarts (oid,fid,quantity,fname,food_price_purchased) VALUES (192,172,3,'food 172',2);
INSERT INTO ShoppingCarts (oid,fid,quantity,fname,food_price_purchased) VALUES (120,119,3,'food 119',12);
INSERT INTO ShoppingCarts (oid,fid,quantity,fname,food_price_purchased) VALUES (88,152,3,'food 152',8);
INSERT INTO ShoppingCarts (oid,fid,quantity,fname,food_price_purchased) VALUES (32,52,2,'food 52',14);
INSERT INTO ShoppingCarts (oid,fid,quantity,fname,food_price_purchased) VALUES (86,111,3,'food 111',15);
INSERT INTO ShoppingCarts (oid,fid,quantity,fname,food_price_purchased) VALUES (158,11,2,'food 11',2);
INSERT INTO ShoppingCarts (oid,fid,quantity,fname,food_price_purchased) VALUES (196,155,2,'food 155',6);
INSERT INTO ShoppingCarts (oid,fid,quantity,fname,food_price_purchased) VALUES (106,147,2,'food 147',8);
INSERT INTO ShoppingCarts (oid,fid,quantity,fname,food_price_purchased) VALUES (68,121,3,'food 121',15);
INSERT INTO ShoppingCarts (oid,fid,quantity,fname,food_price_purchased) VALUES (198,109,2,'food 109',2);
INSERT INTO ShoppingCarts (oid,fid,quantity,fname,food_price_purchased) VALUES (47,105,3,'food 105',8);
INSERT INTO ShoppingCarts (oid,fid,quantity,fname,food_price_purchased) VALUES (194,131,1,'food 131',7);
INSERT INTO ShoppingCarts (oid,fid,quantity,fname,food_price_purchased) VALUES (141,114,1,'food 114',6);
INSERT INTO ShoppingCarts (oid,fid,quantity,fname,food_price_purchased) VALUES (68,78,2,'food 78',5);
INSERT INTO ShoppingCarts (oid,fid,quantity,fname,food_price_purchased) VALUES (162,25,2,'food 25',6);
INSERT INTO ShoppingCarts (oid,fid,quantity,fname,food_price_purchased) VALUES (113,200,3,'food 200',13);
INSERT INTO ShoppingCarts (oid,fid,quantity,fname,food_price_purchased) VALUES (129,161,1,'food 161',3);
INSERT INTO ShoppingCarts (oid,fid,quantity,fname,food_price_purchased) VALUES (54,95,2,'food 95',5);
INSERT INTO ShoppingCarts (oid,fid,quantity,fname,food_price_purchased) VALUES (178,149,1,'food 149',5);
INSERT INTO ShoppingCarts (oid,fid,quantity,fname,food_price_purchased) VALUES (38,167,1,'food 167',12);
INSERT INTO ShoppingCarts (oid,fid,quantity,fname,food_price_purchased) VALUES (18,28,3,'food 28',3);
INSERT INTO ShoppingCarts (oid,fid,quantity,fname,food_price_purchased) VALUES (156,1,1,'food 1',7);
INSERT INTO ShoppingCarts (oid,fid,quantity,fname,food_price_purchased) VALUES (29,61,1,'food 61',13);
INSERT INTO ShoppingCarts (oid,fid,quantity,fname,food_price_purchased) VALUES (50,186,1,'food 186',13);
INSERT INTO ShoppingCarts (oid,fid,quantity,fname,food_price_purchased) VALUES (124,175,2,'food 175',11);
INSERT INTO ShoppingCarts (oid,fid,quantity,fname,food_price_purchased) VALUES (103,110,1,'food 110',11);
INSERT INTO ShoppingCarts (oid,fid,quantity,fname,food_price_purchased) VALUES (81,22,1,'food 22',13);
INSERT INTO ShoppingCarts (oid,fid,quantity,fname,food_price_purchased) VALUES (129,112,2,'food 112',4);
INSERT INTO ShoppingCarts (oid,fid,quantity,fname,food_price_purchased) VALUES (143,62,1,'food 62',2);
INSERT INTO ShoppingCarts (oid,fid,quantity,fname,food_price_purchased) VALUES (170,182,2,'food 182',6);
INSERT INTO ShoppingCarts (oid,fid,quantity,fname,food_price_purchased) VALUES (74,97,2,'food 97',15);
INSERT INTO ShoppingCarts (oid,fid,quantity,fname,food_price_purchased) VALUES (191,161,2,'food 161',3);
INSERT INTO ShoppingCarts (oid,fid,quantity,fname,food_price_purchased) VALUES (196,79,2,'food 79',8);
INSERT INTO ShoppingCarts (oid,fid,quantity,fname,food_price_purchased) VALUES (47,1,2,'food 1',7);
INSERT INTO ShoppingCarts (oid,fid,quantity,fname,food_price_purchased) VALUES (177,41,3,'food 41',7);







