INSERT INTO Accounts (username,password) VALUES ('customer1','password');
INSERT INTO Accounts (username,password) VALUES ('customer2','password');
INSERT INTO Accounts (username,password) VALUES ('customer3','password');
INSERT INTO Accounts (username,password) VALUES ('customer4','password');
INSERT INTO Accounts (username,password) VALUES ('customer5','password');
INSERT INTO Accounts (username,password) VALUES ('customer6','password');
INSERT INTO Accounts (username,password) VALUES ('customer7','password');
INSERT INTO Accounts (username,password) VALUES ('customer8','password');
INSERT INTO Accounts (username,password) VALUES ('customer9','password');
INSERT INTO Accounts (username,password) VALUES ('customer10','password');
INSERT INTO Accounts (username,password) VALUES ('customer11','password');
INSERT INTO Accounts (username,password) VALUES ('customer12','password');
INSERT INTO Accounts (username,password) VALUES ('customer13','password');
INSERT INTO Accounts (username,password) VALUES ('customer14','password');
INSERT INTO Accounts (username,password) VALUES ('customer15','password');
INSERT INTO Accounts (username,password) VALUES ('customer16','password');
INSERT INTO Accounts (username,password) VALUES ('customer17','password');
INSERT INTO Accounts (username,password) VALUES ('customer18','password');
INSERT INTO Accounts (username,password) VALUES ('customer19','password');
INSERT INTO Accounts (username,password) VALUES ('customer20','password');
INSERT INTO Accounts (username,password) VALUES ('customer21','password');
INSERT INTO Accounts (username,password) VALUES ('customer22','password');
INSERT INTO Accounts (username,password) VALUES ('customer23','password');
INSERT INTO Accounts (username,password) VALUES ('customer24','password');
INSERT INTO Accounts (username,password) VALUES ('customer25','password');
INSERT INTO Accounts (username,password) VALUES ('customer26','password');
INSERT INTO Accounts (username,password) VALUES ('customer27','password');
INSERT INTO Accounts (username,password) VALUES ('customer28','password');
INSERT INTO Accounts (username,password) VALUES ('customer29','password');
INSERT INTO Accounts (username,password) VALUES ('customer30','password');
INSERT INTO Accounts (username,password) VALUES ('customer31','password');
INSERT INTO Accounts (username,password) VALUES ('customer32','password');
INSERT INTO Accounts (username,password) VALUES ('customer33','password');
INSERT INTO Accounts (username,password) VALUES ('customer34','password');
INSERT INTO Accounts (username,password) VALUES ('customer35','password');
INSERT INTO Accounts (username,password) VALUES ('customer36','password');
INSERT INTO Accounts (username,password) VALUES ('customer37','password');
INSERT INTO Accounts (username,password) VALUES ('customer38','password');
INSERT INTO Accounts (username,password) VALUES ('customer39','password');
INSERT INTO Accounts (username,password) VALUES ('customer40','password');
INSERT INTO Accounts (username,password) VALUES ('customer41','password');
INSERT INTO Accounts (username,password) VALUES ('customer42','password');
INSERT INTO Accounts (username,password) VALUES ('customer43','password');
INSERT INTO Accounts (username,password) VALUES ('customer44','password');
INSERT INTO Accounts (username,password) VALUES ('customer45','password');
INSERT INTO Accounts (username,password) VALUES ('customer46','password');
INSERT INTO Accounts (username,password) VALUES ('customer47','password');
INSERT INTO Accounts (username,password) VALUES ('customer48','password');
INSERT INTO Accounts (username,password) VALUES ('customer49','password');
INSERT INTO Accounts (username,password) VALUES ('customer50','password');
INSERT INTO Accounts (username,password) VALUES ('customer51','password');
INSERT INTO Accounts (username,password) VALUES ('customer52','password');
INSERT INTO Accounts (username,password) VALUES ('customer53','password');
INSERT INTO Accounts (username,password) VALUES ('customer54','password');
INSERT INTO Accounts (username,password) VALUES ('customer55','password');
INSERT INTO Accounts (username,password) VALUES ('customer56','password');
INSERT INTO Accounts (username,password) VALUES ('customer57','password');
INSERT INTO Accounts (username,password) VALUES ('customer58','password');
INSERT INTO Accounts (username,password) VALUES ('customer59','password');
INSERT INTO Accounts (username,password) VALUES ('customer60','password');
INSERT INTO Accounts (username,password) VALUES ('customer61','password');
INSERT INTO Accounts (username,password) VALUES ('customer62','password');
INSERT INTO Accounts (username,password) VALUES ('customer63','password');
INSERT INTO Accounts (username,password) VALUES ('customer64','password');
INSERT INTO Accounts (username,password) VALUES ('customer65','password');
INSERT INTO Accounts (username,password) VALUES ('customer66','password');
INSERT INTO Accounts (username,password) VALUES ('customer67','password');
INSERT INTO Accounts (username,password) VALUES ('customer68','password');
INSERT INTO Accounts (username,password) VALUES ('customer69','password');
INSERT INTO Accounts (username,password) VALUES ('customer70','password');
INSERT INTO Accounts (username,password) VALUES ('customer71','password');
INSERT INTO Accounts (username,password) VALUES ('customer72','password');
INSERT INTO Accounts (username,password) VALUES ('customer73','password');
INSERT INTO Accounts (username,password) VALUES ('customer74','password');
INSERT INTO Accounts (username,password) VALUES ('customer75','password');
INSERT INTO Accounts (username,password) VALUES ('customer76','password');
INSERT INTO Accounts (username,password) VALUES ('customer77','password');
INSERT INTO Accounts (username,password) VALUES ('customer78','password');
INSERT INTO Accounts (username,password) VALUES ('customer79','password');
INSERT INTO Accounts (username,password) VALUES ('customer80','password');
INSERT INTO Accounts (username,password) VALUES ('customer81','password');
INSERT INTO Accounts (username,password) VALUES ('customer82','password');
INSERT INTO Accounts (username,password) VALUES ('customer83','password');
INSERT INTO Accounts (username,password) VALUES ('customer84','password');
INSERT INTO Accounts (username,password) VALUES ('customer85','password');
INSERT INTO Accounts (username,password) VALUES ('customer86','password');
INSERT INTO Accounts (username,password) VALUES ('customer87','password');
INSERT INTO Accounts (username,password) VALUES ('customer88','password');
INSERT INTO Accounts (username,password) VALUES ('customer89','password');
INSERT INTO Accounts (username,password) VALUES ('customer90','password');
INSERT INTO Accounts (username,password) VALUES ('customer91','password');
INSERT INTO Accounts (username,password) VALUES ('customer92','password');
INSERT INTO Accounts (username,password) VALUES ('customer93','password');
INSERT INTO Accounts (username,password) VALUES ('customer94','password');
INSERT INTO Accounts (username,password) VALUES ('customer95','password');
INSERT INTO Accounts (username,password) VALUES ('customer96','password');
INSERT INTO Accounts (username,password) VALUES ('customer97','password');
INSERT INTO Accounts (username,password) VALUES ('customer98','password');
INSERT INTO Accounts (username,password) VALUES ('customer99','password');
INSERT INTO Accounts (username,password) VALUES ('customer100','password');






INSERT INTO Accounts (username,password) VALUES ('staff1','password');
INSERT INTO Accounts (username,password) VALUES ('staff2','password');
INSERT INTO Accounts (username,password) VALUES ('staff3','password');
INSERT INTO Accounts (username,password) VALUES ('staff4','password');
INSERT INTO Accounts (username,password) VALUES ('staff5','password');
INSERT INTO Accounts (username,password) VALUES ('staff6','password');
INSERT INTO Accounts (username,password) VALUES ('staff7','password');
INSERT INTO Accounts (username,password) VALUES ('staff8','password');
INSERT INTO Accounts (username,password) VALUES ('staff9','password');
INSERT INTO Accounts (username,password) VALUES ('staff10','password');
INSERT INTO Accounts (username,password) VALUES ('staff11','password');
INSERT INTO Accounts (username,password) VALUES ('staff12','password');
INSERT INTO Accounts (username,password) VALUES ('staff13','password');
INSERT INTO Accounts (username,password) VALUES ('staff14','password');
INSERT INTO Accounts (username,password) VALUES ('staff15','password');
INSERT INTO Accounts (username,password) VALUES ('staff16','password');
INSERT INTO Accounts (username,password) VALUES ('staff17','password');
INSERT INTO Accounts (username,password) VALUES ('staff18','password');
INSERT INTO Accounts (username,password) VALUES ('staff19','password');
INSERT INTO Accounts (username,password) VALUES ('staff20','password');
INSERT INTO Accounts (username,password) VALUES ('staff21','password');
INSERT INTO Accounts (username,password) VALUES ('staff22','password');
INSERT INTO Accounts (username,password) VALUES ('staff23','password');
INSERT INTO Accounts (username,password) VALUES ('staff24','password');
INSERT INTO Accounts (username,password) VALUES ('staff25','password');
INSERT INTO Accounts (username,password) VALUES ('staff26','password');
INSERT INTO Accounts (username,password) VALUES ('staff27','password');
INSERT INTO Accounts (username,password) VALUES ('staff28','password');
INSERT INTO Accounts (username,password) VALUES ('staff29','password');
INSERT INTO Accounts (username,password) VALUES ('staff30','password');
INSERT INTO Accounts (username,password) VALUES ('staff31','password');
INSERT INTO Accounts (username,password) VALUES ('staff32','password');
INSERT INTO Accounts (username,password) VALUES ('staff33','password');
INSERT INTO Accounts (username,password) VALUES ('staff34','password');
INSERT INTO Accounts (username,password) VALUES ('staff35','password');
INSERT INTO Accounts (username,password) VALUES ('staff36','password');
INSERT INTO Accounts (username,password) VALUES ('staff37','password');
INSERT INTO Accounts (username,password) VALUES ('staff38','password');
INSERT INTO Accounts (username,password) VALUES ('staff39','password');
INSERT INTO Accounts (username,password) VALUES ('staff40','password');
INSERT INTO Accounts (username,password) VALUES ('staff41','password');
INSERT INTO Accounts (username,password) VALUES ('staff42','password');
INSERT INTO Accounts (username,password) VALUES ('staff43','password');
INSERT INTO Accounts (username,password) VALUES ('staff44','password');
INSERT INTO Accounts (username,password) VALUES ('staff45','password');
INSERT INTO Accounts (username,password) VALUES ('staff46','password');
INSERT INTO Accounts (username,password) VALUES ('staff47','password');
INSERT INTO Accounts (username,password) VALUES ('staff48','password');
INSERT INTO Accounts (username,password) VALUES ('staff49','password');
INSERT INTO Accounts (username,password) VALUES ('staff50','password');
INSERT INTO Accounts (username,password) VALUES ('staff51','password');
INSERT INTO Accounts (username,password) VALUES ('staff52','password');
INSERT INTO Accounts (username,password) VALUES ('staff53','password');
INSERT INTO Accounts (username,password) VALUES ('staff54','password');
INSERT INTO Accounts (username,password) VALUES ('staff55','password');
INSERT INTO Accounts (username,password) VALUES ('staff56','password');
INSERT INTO Accounts (username,password) VALUES ('staff57','password');
INSERT INTO Accounts (username,password) VALUES ('staff58','password');
INSERT INTO Accounts (username,password) VALUES ('staff59','password');
INSERT INTO Accounts (username,password) VALUES ('staff60','password');
INSERT INTO Accounts (username,password) VALUES ('staff61','password');
INSERT INTO Accounts (username,password) VALUES ('staff62','password');
INSERT INTO Accounts (username,password) VALUES ('staff63','password');
INSERT INTO Accounts (username,password) VALUES ('staff64','password');
INSERT INTO Accounts (username,password) VALUES ('staff65','password');
INSERT INTO Accounts (username,password) VALUES ('staff66','password');
INSERT INTO Accounts (username,password) VALUES ('staff67','password');
INSERT INTO Accounts (username,password) VALUES ('staff68','password');
INSERT INTO Accounts (username,password) VALUES ('staff69','password');
INSERT INTO Accounts (username,password) VALUES ('staff70','password');
INSERT INTO Accounts (username,password) VALUES ('staff71','password');
INSERT INTO Accounts (username,password) VALUES ('staff72','password');
INSERT INTO Accounts (username,password) VALUES ('staff73','password');
INSERT INTO Accounts (username,password) VALUES ('staff74','password');
INSERT INTO Accounts (username,password) VALUES ('staff75','password');
INSERT INTO Accounts (username,password) VALUES ('staff76','password');
INSERT INTO Accounts (username,password) VALUES ('staff77','password');
INSERT INTO Accounts (username,password) VALUES ('staff78','password');
INSERT INTO Accounts (username,password) VALUES ('staff79','password');
INSERT INTO Accounts (username,password) VALUES ('staff80','password');
INSERT INTO Accounts (username,password) VALUES ('staff81','password');
INSERT INTO Accounts (username,password) VALUES ('staff82','password');
INSERT INTO Accounts (username,password) VALUES ('staff83','password');
INSERT INTO Accounts (username,password) VALUES ('staff84','password');
INSERT INTO Accounts (username,password) VALUES ('staff85','password');
INSERT INTO Accounts (username,password) VALUES ('staff86','password');
INSERT INTO Accounts (username,password) VALUES ('staff87','password');
INSERT INTO Accounts (username,password) VALUES ('staff88','password');
INSERT INTO Accounts (username,password) VALUES ('staff89','password');
INSERT INTO Accounts (username,password) VALUES ('staff90','password');
INSERT INTO Accounts (username,password) VALUES ('staff91','password');
INSERT INTO Accounts (username,password) VALUES ('staff92','password');
INSERT INTO Accounts (username,password) VALUES ('staff93','password');
INSERT INTO Accounts (username,password) VALUES ('staff94','password');
INSERT INTO Accounts (username,password) VALUES ('staff95','password');
INSERT INTO Accounts (username,password) VALUES ('staff96','password');
INSERT INTO Accounts (username,password) VALUES ('staff97','password');
INSERT INTO Accounts (username,password) VALUES ('staff98','password');
INSERT INTO Accounts (username,password) VALUES ('staff99','password');
INSERT INTO Accounts (username,password) VALUES ('staff100','password');





INSERT INTO Accounts (username,password) VALUES ('rider1','password');
INSERT INTO Accounts (username,password) VALUES ('rider2','password');
INSERT INTO Accounts (username,password) VALUES ('rider3','password');
INSERT INTO Accounts (username,password) VALUES ('rider4','password');
INSERT INTO Accounts (username,password) VALUES ('rider5','password');
INSERT INTO Accounts (username,password) VALUES ('rider6','password');
INSERT INTO Accounts (username,password) VALUES ('rider7','password');
INSERT INTO Accounts (username,password) VALUES ('rider8','password');
INSERT INTO Accounts (username,password) VALUES ('rider9','password');
INSERT INTO Accounts (username,password) VALUES ('rider10','password');
INSERT INTO Accounts (username,password) VALUES ('rider11','password');
INSERT INTO Accounts (username,password) VALUES ('rider12','password');
INSERT INTO Accounts (username,password) VALUES ('rider13','password');
INSERT INTO Accounts (username,password) VALUES ('rider14','password');
INSERT INTO Accounts (username,password) VALUES ('rider15','password');
INSERT INTO Accounts (username,password) VALUES ('rider16','password');
INSERT INTO Accounts (username,password) VALUES ('rider17','password');
INSERT INTO Accounts (username,password) VALUES ('rider18','password');
INSERT INTO Accounts (username,password) VALUES ('rider19','password');
INSERT INTO Accounts (username,password) VALUES ('rider20','password');
INSERT INTO Accounts (username,password) VALUES ('rider21','password');
INSERT INTO Accounts (username,password) VALUES ('rider22','password');
INSERT INTO Accounts (username,password) VALUES ('rider23','password');
INSERT INTO Accounts (username,password) VALUES ('rider24','password');
INSERT INTO Accounts (username,password) VALUES ('rider25','password');
INSERT INTO Accounts (username,password) VALUES ('rider26','password');
INSERT INTO Accounts (username,password) VALUES ('rider27','password');
INSERT INTO Accounts (username,password) VALUES ('rider28','password');
INSERT INTO Accounts (username,password) VALUES ('rider29','password');
INSERT INTO Accounts (username,password) VALUES ('rider30','password');
INSERT INTO Accounts (username,password) VALUES ('rider31','password');
INSERT INTO Accounts (username,password) VALUES ('rider32','password');
INSERT INTO Accounts (username,password) VALUES ('rider33','password');
INSERT INTO Accounts (username,password) VALUES ('rider34','password');
INSERT INTO Accounts (username,password) VALUES ('rider35','password');
INSERT INTO Accounts (username,password) VALUES ('rider36','password');
INSERT INTO Accounts (username,password) VALUES ('rider37','password');
INSERT INTO Accounts (username,password) VALUES ('rider38','password');
INSERT INTO Accounts (username,password) VALUES ('rider39','password');
INSERT INTO Accounts (username,password) VALUES ('rider40','password');
INSERT INTO Accounts (username,password) VALUES ('rider41','password');
INSERT INTO Accounts (username,password) VALUES ('rider42','password');
INSERT INTO Accounts (username,password) VALUES ('rider43','password');
INSERT INTO Accounts (username,password) VALUES ('rider44','password');
INSERT INTO Accounts (username,password) VALUES ('rider45','password');
INSERT INTO Accounts (username,password) VALUES ('rider46','password');
INSERT INTO Accounts (username,password) VALUES ('rider47','password');
INSERT INTO Accounts (username,password) VALUES ('rider48','password');
INSERT INTO Accounts (username,password) VALUES ('rider49','password');
INSERT INTO Accounts (username,password) VALUES ('rider50','password');
INSERT INTO Accounts (username,password) VALUES ('rider51','password');
INSERT INTO Accounts (username,password) VALUES ('rider52','password');
INSERT INTO Accounts (username,password) VALUES ('rider53','password');
INSERT INTO Accounts (username,password) VALUES ('rider54','password');
INSERT INTO Accounts (username,password) VALUES ('rider55','password');
INSERT INTO Accounts (username,password) VALUES ('rider56','password');
INSERT INTO Accounts (username,password) VALUES ('rider57','password');
INSERT INTO Accounts (username,password) VALUES ('rider58','password');
INSERT INTO Accounts (username,password) VALUES ('rider59','password');
INSERT INTO Accounts (username,password) VALUES ('rider60','password');
INSERT INTO Accounts (username,password) VALUES ('rider61','password');
INSERT INTO Accounts (username,password) VALUES ('rider62','password');
INSERT INTO Accounts (username,password) VALUES ('rider63','password');
INSERT INTO Accounts (username,password) VALUES ('rider64','password');
INSERT INTO Accounts (username,password) VALUES ('rider65','password');
INSERT INTO Accounts (username,password) VALUES ('rider66','password');
INSERT INTO Accounts (username,password) VALUES ('rider67','password');
INSERT INTO Accounts (username,password) VALUES ('rider68','password');
INSERT INTO Accounts (username,password) VALUES ('rider69','password');
INSERT INTO Accounts (username,password) VALUES ('rider70','password');
INSERT INTO Accounts (username,password) VALUES ('rider71','password');
INSERT INTO Accounts (username,password) VALUES ('rider72','password');
INSERT INTO Accounts (username,password) VALUES ('rider73','password');
INSERT INTO Accounts (username,password) VALUES ('rider74','password');
INSERT INTO Accounts (username,password) VALUES ('rider75','password');
INSERT INTO Accounts (username,password) VALUES ('rider76','password');
INSERT INTO Accounts (username,password) VALUES ('rider77','password');
INSERT INTO Accounts (username,password) VALUES ('rider78','password');
INSERT INTO Accounts (username,password) VALUES ('rider79','password');
INSERT INTO Accounts (username,password) VALUES ('rider80','password');
INSERT INTO Accounts (username,password) VALUES ('rider81','password');
INSERT INTO Accounts (username,password) VALUES ('rider82','password');
INSERT INTO Accounts (username,password) VALUES ('rider83','password');
INSERT INTO Accounts (username,password) VALUES ('rider84','password');
INSERT INTO Accounts (username,password) VALUES ('rider85','password');
INSERT INTO Accounts (username,password) VALUES ('rider86','password');
INSERT INTO Accounts (username,password) VALUES ('rider87','password');
INSERT INTO Accounts (username,password) VALUES ('rider88','password');
INSERT INTO Accounts (username,password) VALUES ('rider89','password');
INSERT INTO Accounts (username,password) VALUES ('rider90','password');
INSERT INTO Accounts (username,password) VALUES ('rider91','password');
INSERT INTO Accounts (username,password) VALUES ('rider92','password');
INSERT INTO Accounts (username,password) VALUES ('rider93','password');
INSERT INTO Accounts (username,password) VALUES ('rider94','password');
INSERT INTO Accounts (username,password) VALUES ('rider95','password');
INSERT INTO Accounts (username,password) VALUES ('rider96','password');
INSERT INTO Accounts (username,password) VALUES ('rider97','password');
INSERT INTO Accounts (username,password) VALUES ('rider98','password');
INSERT INTO Accounts (username,password) VALUES ('rider99','password');
INSERT INTO Accounts (username,password) VALUES ('rider100','password');







INSERT INTO Restaurants (rest_id,rname,address,area,minAmt) VALUES (1,'Restaurant1','address1','NORTH',20);
INSERT INTO Restaurants (rest_id,rname,address,area,minAmt) VALUES (2,'Restaurant2','address2','NORTH',20);
INSERT INTO Restaurants (rest_id,rname,address,area,minAmt) VALUES (3,'Restaurant3','address3','NORTH',15);
INSERT INTO Restaurants (rest_id,rname,address,area,minAmt) VALUES (4,'Restaurant4','address4','NORTH',20);
INSERT INTO Restaurants (rest_id,rname,address,area,minAmt) VALUES (5,'Restaurant5','address5','NORTH',15);
INSERT INTO Restaurants (rest_id,rname,address,area,minAmt) VALUES (6,'Restaurant6','address6','NORTH',20);
INSERT INTO Restaurants (rest_id,rname,address,area,minAmt) VALUES (7,'Restaurant7','address7','NORTH',15);
INSERT INTO Restaurants (rest_id,rname,address,area,minAmt) VALUES (8,'Restaurant8','address8','NORTH',15);
INSERT INTO Restaurants (rest_id,rname,address,area,minAmt) VALUES (9,'Restaurant9','address9','NORTH',20);
INSERT INTO Restaurants (rest_id,rname,address,area,minAmt) VALUES (10,'Restaurant10','address10','NORTH',15);
INSERT INTO Restaurants (rest_id,rname,address,area,minAmt) VALUES (11,'Restaurant11','address11','NORTH',15);
INSERT INTO Restaurants (rest_id,rname,address,area,minAmt) VALUES (12,'Restaurant12','address12','NORTH',15);
INSERT INTO Restaurants (rest_id,rname,address,area,minAmt) VALUES (13,'Restaurant13','address13','NORTH',15);
INSERT INTO Restaurants (rest_id,rname,address,area,minAmt) VALUES (14,'Restaurant14','address14','NORTH',15);
INSERT INTO Restaurants (rest_id,rname,address,area,minAmt) VALUES (15,'Restaurant15','address15','NORTH',20);
INSERT INTO Restaurants (rest_id,rname,address,area,minAmt) VALUES (16,'Restaurant16','address16','NORTH',20);
INSERT INTO Restaurants (rest_id,rname,address,area,minAmt) VALUES (17,'Restaurant17','address17','NORTH',20);
INSERT INTO Restaurants (rest_id,rname,address,area,minAmt) VALUES (18,'Restaurant18','address18','NORTH',15);
INSERT INTO Restaurants (rest_id,rname,address,area,minAmt) VALUES (19,'Restaurant19','address19','NORTH',20);
INSERT INTO Restaurants (rest_id,rname,address,area,minAmt) VALUES (20,'Restaurant20','address20','NORTH',20);
INSERT INTO Restaurants (rest_id,rname,address,area,minAmt) VALUES (21,'Restaurant21','address21','SOUTH',15);
INSERT INTO Restaurants (rest_id,rname,address,area,minAmt) VALUES (22,'Restaurant22','address22','SOUTH',20);
INSERT INTO Restaurants (rest_id,rname,address,area,minAmt) VALUES (23,'Restaurant23','address23','SOUTH',15);
INSERT INTO Restaurants (rest_id,rname,address,area,minAmt) VALUES (24,'Restaurant24','address24','SOUTH',20);
INSERT INTO Restaurants (rest_id,rname,address,area,minAmt) VALUES (25,'Restaurant25','address25','SOUTH',15);
INSERT INTO Restaurants (rest_id,rname,address,area,minAmt) VALUES (26,'Restaurant26','address26','SOUTH',20);
INSERT INTO Restaurants (rest_id,rname,address,area,minAmt) VALUES (27,'Restaurant27','address27','SOUTH',20);
INSERT INTO Restaurants (rest_id,rname,address,area,minAmt) VALUES (28,'Restaurant28','address28','SOUTH',15);
INSERT INTO Restaurants (rest_id,rname,address,area,minAmt) VALUES (29,'Restaurant29','address29','SOUTH',15);
INSERT INTO Restaurants (rest_id,rname,address,area,minAmt) VALUES (30,'Restaurant30','address30','SOUTH',20);
INSERT INTO Restaurants (rest_id,rname,address,area,minAmt) VALUES (31,'Restaurant31','address31','SOUTH',20);
INSERT INTO Restaurants (rest_id,rname,address,area,minAmt) VALUES (32,'Restaurant32','address32','SOUTH',20);
INSERT INTO Restaurants (rest_id,rname,address,area,minAmt) VALUES (33,'Restaurant33','address33','SOUTH',20);
INSERT INTO Restaurants (rest_id,rname,address,area,minAmt) VALUES (34,'Restaurant34','address34','SOUTH',20);
INSERT INTO Restaurants (rest_id,rname,address,area,minAmt) VALUES (35,'Restaurant35','address35','SOUTH',20);
INSERT INTO Restaurants (rest_id,rname,address,area,minAmt) VALUES (36,'Restaurant36','address36','SOUTH',20);
INSERT INTO Restaurants (rest_id,rname,address,area,minAmt) VALUES (37,'Restaurant37','address37','SOUTH',15);
INSERT INTO Restaurants (rest_id,rname,address,area,minAmt) VALUES (38,'Restaurant38','address38','SOUTH',15);
INSERT INTO Restaurants (rest_id,rname,address,area,minAmt) VALUES (39,'Restaurant39','address39','SOUTH',15);
INSERT INTO Restaurants (rest_id,rname,address,area,minAmt) VALUES (40,'Restaurant40','address40','SOUTH',20);
INSERT INTO Restaurants (rest_id,rname,address,area,minAmt) VALUES (41,'Restaurant41','address41','WEST',15);
INSERT INTO Restaurants (rest_id,rname,address,area,minAmt) VALUES (42,'Restaurant42','address42','WEST',20);
INSERT INTO Restaurants (rest_id,rname,address,area,minAmt) VALUES (43,'Restaurant43','address43','WEST',20);
INSERT INTO Restaurants (rest_id,rname,address,area,minAmt) VALUES (44,'Restaurant44','address44','WEST',20);
INSERT INTO Restaurants (rest_id,rname,address,area,minAmt) VALUES (45,'Restaurant45','address45','WEST',15);
INSERT INTO Restaurants (rest_id,rname,address,area,minAmt) VALUES (46,'Restaurant46','address46','WEST',20);
INSERT INTO Restaurants (rest_id,rname,address,area,minAmt) VALUES (47,'Restaurant47','address47','WEST',20);
INSERT INTO Restaurants (rest_id,rname,address,area,minAmt) VALUES (48,'Restaurant48','address48','WEST',20);
INSERT INTO Restaurants (rest_id,rname,address,area,minAmt) VALUES (49,'Restaurant49','address49','WEST',20);
INSERT INTO Restaurants (rest_id,rname,address,area,minAmt) VALUES (50,'Restaurant50','address50','WEST',20);
INSERT INTO Restaurants (rest_id,rname,address,area,minAmt) VALUES (51,'Restaurant51','address51','WEST',20);
INSERT INTO Restaurants (rest_id,rname,address,area,minAmt) VALUES (52,'Restaurant52','address52','WEST',15);
INSERT INTO Restaurants (rest_id,rname,address,area,minAmt) VALUES (53,'Restaurant53','address53','WEST',20);
INSERT INTO Restaurants (rest_id,rname,address,area,minAmt) VALUES (54,'Restaurant54','address54','WEST',20);
INSERT INTO Restaurants (rest_id,rname,address,area,minAmt) VALUES (55,'Restaurant55','address55','WEST',15);
INSERT INTO Restaurants (rest_id,rname,address,area,minAmt) VALUES (56,'Restaurant56','address56','WEST',15);
INSERT INTO Restaurants (rest_id,rname,address,area,minAmt) VALUES (57,'Restaurant57','address57','WEST',15);
INSERT INTO Restaurants (rest_id,rname,address,area,minAmt) VALUES (58,'Restaurant58','address58','WEST',20);
INSERT INTO Restaurants (rest_id,rname,address,area,minAmt) VALUES (59,'Restaurant59','address59','WEST',20);
INSERT INTO Restaurants (rest_id,rname,address,area,minAmt) VALUES (60,'Restaurant60','address60','WEST',20);
INSERT INTO Restaurants (rest_id,rname,address,area,minAmt) VALUES (61,'Restaurant61','address61','EAST',15);
INSERT INTO Restaurants (rest_id,rname,address,area,minAmt) VALUES (62,'Restaurant62','address62','EAST',15);
INSERT INTO Restaurants (rest_id,rname,address,area,minAmt) VALUES (63,'Restaurant63','address63','EAST',20);
INSERT INTO Restaurants (rest_id,rname,address,area,minAmt) VALUES (64,'Restaurant64','address64','EAST',20);
INSERT INTO Restaurants (rest_id,rname,address,area,minAmt) VALUES (65,'Restaurant65','address65','EAST',15);
INSERT INTO Restaurants (rest_id,rname,address,area,minAmt) VALUES (66,'Restaurant66','address66','EAST',20);
INSERT INTO Restaurants (rest_id,rname,address,area,minAmt) VALUES (67,'Restaurant67','address67','EAST',20);
INSERT INTO Restaurants (rest_id,rname,address,area,minAmt) VALUES (68,'Restaurant68','address68','EAST',20);
INSERT INTO Restaurants (rest_id,rname,address,area,minAmt) VALUES (69,'Restaurant69','address69','EAST',20);
INSERT INTO Restaurants (rest_id,rname,address,area,minAmt) VALUES (70,'Restaurant70','address70','EAST',20);
INSERT INTO Restaurants (rest_id,rname,address,area,minAmt) VALUES (71,'Restaurant71','address71','EAST',20);
INSERT INTO Restaurants (rest_id,rname,address,area,minAmt) VALUES (72,'Restaurant72','address72','EAST',20);
INSERT INTO Restaurants (rest_id,rname,address,area,minAmt) VALUES (73,'Restaurant73','address73','EAST',15);
INSERT INTO Restaurants (rest_id,rname,address,area,minAmt) VALUES (74,'Restaurant74','address74','EAST',15);
INSERT INTO Restaurants (rest_id,rname,address,area,minAmt) VALUES (75,'Restaurant75','address75','EAST',20);
INSERT INTO Restaurants (rest_id,rname,address,area,minAmt) VALUES (76,'Restaurant76','address76','EAST',20);
INSERT INTO Restaurants (rest_id,rname,address,area,minAmt) VALUES (77,'Restaurant77','address77','EAST',15);
INSERT INTO Restaurants (rest_id,rname,address,area,minAmt) VALUES (78,'Restaurant78','address78','EAST',15);
INSERT INTO Restaurants (rest_id,rname,address,area,minAmt) VALUES (79,'Restaurant79','address79','EAST',20);
INSERT INTO Restaurants (rest_id,rname,address,area,minAmt) VALUES (80,'Restaurant80','address80','EAST',15);
INSERT INTO Restaurants (rest_id,rname,address,area,minAmt) VALUES (81,'Restaurant81','address81','CENTRAL',20);
INSERT INTO Restaurants (rest_id,rname,address,area,minAmt) VALUES (82,'Restaurant82','address82','CENTRAL',20);
INSERT INTO Restaurants (rest_id,rname,address,area,minAmt) VALUES (83,'Restaurant83','address83','CENTRAL',15);
INSERT INTO Restaurants (rest_id,rname,address,area,minAmt) VALUES (84,'Restaurant84','address84','CENTRAL',20);
INSERT INTO Restaurants (rest_id,rname,address,area,minAmt) VALUES (85,'Restaurant85','address85','CENTRAL',15);
INSERT INTO Restaurants (rest_id,rname,address,area,minAmt) VALUES (86,'Restaurant86','address86','CENTRAL',15);
INSERT INTO Restaurants (rest_id,rname,address,area,minAmt) VALUES (87,'Restaurant87','address87','CENTRAL',20);
INSERT INTO Restaurants (rest_id,rname,address,area,minAmt) VALUES (88,'Restaurant88','address88','CENTRAL',20);
INSERT INTO Restaurants (rest_id,rname,address,area,minAmt) VALUES (89,'Restaurant89','address89','CENTRAL',15);
INSERT INTO Restaurants (rest_id,rname,address,area,minAmt) VALUES (90,'Restaurant90','address90','CENTRAL',20);
INSERT INTO Restaurants (rest_id,rname,address,area,minAmt) VALUES (91,'Restaurant91','address91','CENTRAL',15);
INSERT INTO Restaurants (rest_id,rname,address,area,minAmt) VALUES (92,'Restaurant92','address92','CENTRAL',15);
INSERT INTO Restaurants (rest_id,rname,address,area,minAmt) VALUES (93,'Restaurant93','address93','CENTRAL',15);
INSERT INTO Restaurants (rest_id,rname,address,area,minAmt) VALUES (94,'Restaurant94','address94','CENTRAL',15);
INSERT INTO Restaurants (rest_id,rname,address,area,minAmt) VALUES (95,'Restaurant95','address95','CENTRAL',20);
INSERT INTO Restaurants (rest_id,rname,address,area,minAmt) VALUES (96,'Restaurant96','address96','CENTRAL',15);
INSERT INTO Restaurants (rest_id,rname,address,area,minAmt) VALUES (97,'Restaurant97','address97','CENTRAL',15);
INSERT INTO Restaurants (rest_id,rname,address,area,minAmt) VALUES (98,'Restaurant98','address98','CENTRAL',20);
INSERT INTO Restaurants (rest_id,rname,address,area,minAmt) VALUES (99,'Restaurant99','address99','CENTRAL',15);
INSERT INTO Restaurants (rest_id,rname,address,area,minAmt) VALUES (100,'Restaurant100','address100','CENTRAL',20);




INSERT INTO Shifts (shift_id,time_start1,time_end1,time_start2,time_end2) VALUES (1,'10:00:00','14:00:00','15:00:00','19:00:00');
INSERT INTO Shifts (shift_id,time_start1,time_end1,time_start2,time_end2) VALUES (2,'11:00:00','15:00:00','16:00:00','20:00:00');
INSERT INTO Shifts (shift_id,time_start1,time_end1,time_start2,time_end2) VALUES (3,'12:00:00','16:00:00','17:00:00','21:00:00');
INSERT INTO Shifts (shift_id,time_start1,time_end1,time_start2,time_end2) VALUES (4,'13:00:00','17:00:00','18:00:00','22:00:00');



INSERT INTO Food (fid,rest_id,fname,price,daily_limit,category) VALUES (1,12,'food1',47,90,'Desserts');
INSERT INTO Food (fid,rest_id,fname,price,daily_limit,category) VALUES (2,11,'food2',17,85,'Vegetarian');
INSERT INTO Food (fid,rest_id,fname,price,daily_limit,category) VALUES (3,26,'food3',11,59,'Western');
INSERT INTO Food (fid,rest_id,fname,price,daily_limit,category) VALUES (4,15,'food4',10,80,'Desserts');
INSERT INTO Food (fid,rest_id,fname,price,daily_limit,category) VALUES (5,5,'food5',25,58,'Desserts');
INSERT INTO Food (fid,rest_id,fname,price,daily_limit,category) VALUES (6,16,'food6',43,88,'Desserts');
INSERT INTO Food (fid,rest_id,fname,price,daily_limit,category) VALUES (7,41,'food7',17,55,'Italian');
INSERT INTO Food (fid,rest_id,fname,price,daily_limit,category) VALUES (8,41,'food8',46,53,'Vegetarian');
INSERT INTO Food (fid,rest_id,fname,price,daily_limit,category) VALUES (9,31,'food9',16,52,'Vegetarian');
INSERT INTO Food (fid,rest_id,fname,price,daily_limit,category) VALUES (10,24,'food10',45,57,'Vegetarian');
INSERT INTO Food (fid,rest_id,fname,price,daily_limit,category) VALUES (11,18,'food11',6,58,'Beverage');
INSERT INTO Food (fid,rest_id,fname,price,daily_limit,category) VALUES (12,15,'food12',10,97,'Western');
INSERT INTO Food (fid,rest_id,fname,price,daily_limit,category) VALUES (13,28,'food13',34,59,'Asian');
INSERT INTO Food (fid,rest_id,fname,price,daily_limit,category) VALUES (14,11,'food14',38,51,'Asian');
INSERT INTO Food (fid,rest_id,fname,price,daily_limit,category) VALUES (15,45,'food15',7,84,'Beverage');
INSERT INTO Food (fid,rest_id,fname,price,daily_limit,category) VALUES (16,34,'food16',47,58,'Japanese');
INSERT INTO Food (fid,rest_id,fname,price,daily_limit,category) VALUES (17,38,'food17',32,89,'Local');
INSERT INTO Food (fid,rest_id,fname,price,daily_limit,category) VALUES (18,22,'food18',38,71,'Breakfast');
INSERT INTO Food (fid,rest_id,fname,price,daily_limit,category) VALUES (19,23,'food19',44,93,'Italian');
INSERT INTO Food (fid,rest_id,fname,price,daily_limit,category) VALUES (20,30,'food20',27,91,'Asian');
INSERT INTO Food (fid,rest_id,fname,price,daily_limit,category) VALUES (21,9,'food21',37,57,'Asian');
INSERT INTO Food (fid,rest_id,fname,price,daily_limit,category) VALUES (22,29,'food22',3,66,'Italian');
INSERT INTO Food (fid,rest_id,fname,price,daily_limit,category) VALUES (23,41,'food23',13,99,'Japanese');
INSERT INTO Food (fid,rest_id,fname,price,daily_limit,category) VALUES (24,6,'food24',27,92,'Breakfast');
INSERT INTO Food (fid,rest_id,fname,price,daily_limit,category) VALUES (25,17,'food25',49,91,'Local');
INSERT INTO Food (fid,rest_id,fname,price,daily_limit,category) VALUES (26,16,'food26',37,50,'Desserts');
INSERT INTO Food (fid,rest_id,fname,price,daily_limit,category) VALUES (27,39,'food27',48,95,'Local');
INSERT INTO Food (fid,rest_id,fname,price,daily_limit,category) VALUES (28,7,'food28',35,69,'Western');
INSERT INTO Food (fid,rest_id,fname,price,daily_limit,category) VALUES (29,38,'food29',16,54,'Italian');
INSERT INTO Food (fid,rest_id,fname,price,daily_limit,category) VALUES (30,12,'food30',16,91,'Desserts');
INSERT INTO Food (fid,rest_id,fname,price,daily_limit,category) VALUES (31,21,'food31',20,59,'Vegetarian');
INSERT INTO Food (fid,rest_id,fname,price,daily_limit,category) VALUES (32,41,'food32',38,83,'Desserts');
INSERT INTO Food (fid,rest_id,fname,price,daily_limit,category) VALUES (33,19,'food33',7,65,'Japanese');
INSERT INTO Food (fid,rest_id,fname,price,daily_limit,category) VALUES (34,14,'food34',50,76,'Western');
INSERT INTO Food (fid,rest_id,fname,price,daily_limit,category) VALUES (35,42,'food35',18,72,'Local');
INSERT INTO Food (fid,rest_id,fname,price,daily_limit,category) VALUES (36,28,'food36',11,53,'Desserts');
INSERT INTO Food (fid,rest_id,fname,price,daily_limit,category) VALUES (37,49,'food37',33,93,'Italian');
INSERT INTO Food (fid,rest_id,fname,price,daily_limit,category) VALUES (38,29,'food38',25,80,'Asian');
INSERT INTO Food (fid,rest_id,fname,price,daily_limit,category) VALUES (39,11,'food39',35,60,'Italian');
INSERT INTO Food (fid,rest_id,fname,price,daily_limit,category) VALUES (40,6,'food40',26,83,'Desserts');
INSERT INTO Food (fid,rest_id,fname,price,daily_limit,category) VALUES (41,44,'food41',16,67,'Vegetarian');
INSERT INTO Food (fid,rest_id,fname,price,daily_limit,category) VALUES (42,29,'food42',24,91,'Breakfast');
INSERT INTO Food (fid,rest_id,fname,price,daily_limit,category) VALUES (43,41,'food43',50,76,'Fast Food');
INSERT INTO Food (fid,rest_id,fname,price,daily_limit,category) VALUES (44,8,'food44',15,64,'Local');
INSERT INTO Food (fid,rest_id,fname,price,daily_limit,category) VALUES (45,21,'food45',40,88,'Beverage');
INSERT INTO Food (fid,rest_id,fname,price,daily_limit,category) VALUES (46,7,'food46',16,97,'Vegetarian');
INSERT INTO Food (fid,rest_id,fname,price,daily_limit,category) VALUES (47,41,'food47',34,99,'Beverage');
INSERT INTO Food (fid,rest_id,fname,price,daily_limit,category) VALUES (48,18,'food48',25,62,'Local');
INSERT INTO Food (fid,rest_id,fname,price,daily_limit,category) VALUES (49,5,'food49',4,89,'Western');
INSERT INTO Food (fid,rest_id,fname,price,daily_limit,category) VALUES (50,11,'food50',32,97,'Western');
INSERT INTO Food (fid,rest_id,fname,price,daily_limit,category) VALUES (51,6,'food51',23,51,'Italian');
INSERT INTO Food (fid,rest_id,fname,price,daily_limit,category) VALUES (52,15,'food52',16,83,'Local');
INSERT INTO Food (fid,rest_id,fname,price,daily_limit,category) VALUES (53,25,'food53',46,76,'Asian');
INSERT INTO Food (fid,rest_id,fname,price,daily_limit,category) VALUES (54,30,'food54',29,55,'Japanese');
INSERT INTO Food (fid,rest_id,fname,price,daily_limit,category) VALUES (55,39,'food55',47,92,'Western');
INSERT INTO Food (fid,rest_id,fname,price,daily_limit,category) VALUES (56,30,'food56',23,70,'Italian');
INSERT INTO Food (fid,rest_id,fname,price,daily_limit,category) VALUES (57,2,'food57',23,79,'Japanese');
INSERT INTO Food (fid,rest_id,fname,price,daily_limit,category) VALUES (58,1,'food58',17,67,'Vegetarian');
INSERT INTO Food (fid,rest_id,fname,price,daily_limit,category) VALUES (59,42,'food59',9,60,'Breakfast');
INSERT INTO Food (fid,rest_id,fname,price,daily_limit,category) VALUES (60,9,'food60',33,81,'Local');
INSERT INTO Food (fid,rest_id,fname,price,daily_limit,category) VALUES (61,14,'food61',39,76,'Breakfast');
INSERT INTO Food (fid,rest_id,fname,price,daily_limit,category) VALUES (62,35,'food62',33,91,'Local');
INSERT INTO Food (fid,rest_id,fname,price,daily_limit,category) VALUES (63,14,'food63',13,73,'Local');
INSERT INTO Food (fid,rest_id,fname,price,daily_limit,category) VALUES (64,47,'food64',19,99,'Fast Food');
INSERT INTO Food (fid,rest_id,fname,price,daily_limit,category) VALUES (65,24,'food65',17,52,'Local');
INSERT INTO Food (fid,rest_id,fname,price,daily_limit,category) VALUES (66,15,'food66',40,90,'Asian');
INSERT INTO Food (fid,rest_id,fname,price,daily_limit,category) VALUES (67,33,'food67',12,79,'Asian');
INSERT INTO Food (fid,rest_id,fname,price,daily_limit,category) VALUES (68,35,'food68',6,86,'Breakfast');
INSERT INTO Food (fid,rest_id,fname,price,daily_limit,category) VALUES (69,40,'food69',30,78,'Local');
INSERT INTO Food (fid,rest_id,fname,price,daily_limit,category) VALUES (70,16,'food70',8,79,'Asian');
INSERT INTO Food (fid,rest_id,fname,price,daily_limit,category) VALUES (71,32,'food71',33,79,'Desserts');
INSERT INTO Food (fid,rest_id,fname,price,daily_limit,category) VALUES (72,7,'food72',13,94,'Desserts');
INSERT INTO Food (fid,rest_id,fname,price,daily_limit,category) VALUES (73,1,'food73',50,66,'Western');
INSERT INTO Food (fid,rest_id,fname,price,daily_limit,category) VALUES (74,3,'food74',4,57,'Fast Food');
INSERT INTO Food (fid,rest_id,fname,price,daily_limit,category) VALUES (75,16,'food75',18,93,'Fast Food');
INSERT INTO Food (fid,rest_id,fname,price,daily_limit,category) VALUES (76,38,'food76',17,86,'Western');
INSERT INTO Food (fid,rest_id,fname,price,daily_limit,category) VALUES (77,34,'food77',9,66,'Desserts');
INSERT INTO Food (fid,rest_id,fname,price,daily_limit,category) VALUES (78,3,'food78',6,82,'Japanese');
INSERT INTO Food (fid,rest_id,fname,price,daily_limit,category) VALUES (79,40,'food79',29,57,'Desserts');
INSERT INTO Food (fid,rest_id,fname,price,daily_limit,category) VALUES (80,38,'food80',3,65,'Vegetarian');
INSERT INTO Food (fid,rest_id,fname,price,daily_limit,category) VALUES (81,6,'food81',21,60,'Desserts');
INSERT INTO Food (fid,rest_id,fname,price,daily_limit,category) VALUES (82,4,'food82',5,68,'Local');
INSERT INTO Food (fid,rest_id,fname,price,daily_limit,category) VALUES (83,27,'food83',39,82,'Local');
INSERT INTO Food (fid,rest_id,fname,price,daily_limit,category) VALUES (84,20,'food84',11,67,'Asian');
INSERT INTO Food (fid,rest_id,fname,price,daily_limit,category) VALUES (85,40,'food85',46,63,'Italian');
INSERT INTO Food (fid,rest_id,fname,price,daily_limit,category) VALUES (86,43,'food86',14,63,'Italian');
INSERT INTO Food (fid,rest_id,fname,price,daily_limit,category) VALUES (87,21,'food87',24,89,'Fast Food');
INSERT INTO Food (fid,rest_id,fname,price,daily_limit,category) VALUES (88,48,'food88',13,95,'Beverage');
INSERT INTO Food (fid,rest_id,fname,price,daily_limit,category) VALUES (89,41,'food89',43,99,'Local');
INSERT INTO Food (fid,rest_id,fname,price,daily_limit,category) VALUES (90,35,'food90',4,67,'Fast Food');
INSERT INTO Food (fid,rest_id,fname,price,daily_limit,category) VALUES (91,25,'food91',28,69,'Fast Food');
INSERT INTO Food (fid,rest_id,fname,price,daily_limit,category) VALUES (92,11,'food92',24,55,'Beverage');
INSERT INTO Food (fid,rest_id,fname,price,daily_limit,category) VALUES (93,9,'food93',8,68,'Italian');
INSERT INTO Food (fid,rest_id,fname,price,daily_limit,category) VALUES (94,28,'food94',26,63,'Western');
INSERT INTO Food (fid,rest_id,fname,price,daily_limit,category) VALUES (95,3,'food95',46,84,'Local');
INSERT INTO Food (fid,rest_id,fname,price,daily_limit,category) VALUES (96,2,'food96',42,83,'Italian');
INSERT INTO Food (fid,rest_id,fname,price,daily_limit,category) VALUES (97,27,'food97',34,75,'Fast Food');
INSERT INTO Food (fid,rest_id,fname,price,daily_limit,category) VALUES (98,17,'food98',26,88,'Beverage');
INSERT INTO Food (fid,rest_id,fname,price,daily_limit,category) VALUES (99,20,'food99',21,74,'Beverage');
INSERT INTO Food (fid,rest_id,fname,price,daily_limit,category) VALUES (100,14,'food100',12,82,'Breakfast');



INSERT INTO Staff (staff_id,sname,rest_id,username) VALUES (1,'Isaac',40,'staff1');
INSERT INTO Staff (staff_id,sname,rest_id,username) VALUES (2,'Rissa',11,'staff2');
INSERT INTO Staff (staff_id,sname,rest_id,username) VALUES (3,'Mitchie',79,'staff3');
INSERT INTO Staff (staff_id,sname,rest_id,username) VALUES (4,'Desmond',58,'staff4');
INSERT INTO Staff (staff_id,sname,rest_id,username) VALUES (5,'Chloe',34,'staff5');
INSERT INTO Staff (staff_id,sname,rest_id,username) VALUES (6,'Ryan',95,'staff6');
INSERT INTO Staff (staff_id,sname,rest_id,username) VALUES (7,'Tan Zhuo Sze Gasper',48,'staff7');
INSERT INTO Staff (staff_id,sname,rest_id,username) VALUES (8,'Alessia',100,'staff8');
INSERT INTO Staff (staff_id,sname,rest_id,username) VALUES (9,'Veatrice',15,'staff9');
INSERT INTO Staff (staff_id,sname,rest_id,username) VALUES (10,'Wveyy',21,'staff10');
INSERT INTO Staff (staff_id,sname,rest_id,username) VALUES (11,'Ker Jin',6,'staff11');
INSERT INTO Staff (staff_id,sname,rest_id,username) VALUES (12,'Kelly',12,'staff12');
INSERT INTO Staff (staff_id,sname,rest_id,username) VALUES (13,'Tyris',77,'staff13');
INSERT INTO Staff (staff_id,sname,rest_id,username) VALUES (14,'Calven',81,'staff14');
INSERT INTO Staff (staff_id,sname,rest_id,username) VALUES (15,'Jason',27,'staff15');
INSERT INTO Staff (staff_id,sname,rest_id,username) VALUES (16,'Varun',22,'staff16');
INSERT INTO Staff (staff_id,sname,rest_id,username) VALUES (17,'Regina',75,'staff17');
INSERT INTO Staff (staff_id,sname,rest_id,username) VALUES (18,'Benjamin',68,'staff18');
INSERT INTO Staff (staff_id,sname,rest_id,username) VALUES (19,'Alexis',35,'staff19');
INSERT INTO Staff (staff_id,sname,rest_id,username) VALUES (20,'Peisen',59,'staff20');
INSERT INTO Staff (staff_id,sname,rest_id,username) VALUES (21,'Michaela',6,'staff21');
INSERT INTO Staff (staff_id,sname,rest_id,username) VALUES (22,'Cheyanne',4,'staff22');
INSERT INTO Staff (staff_id,sname,rest_id,username) VALUES (23,'Samantha',44,'staff23');
INSERT INTO Staff (staff_id,sname,rest_id,username) VALUES (24,'Karl',14,'staff24');
INSERT INTO Staff (staff_id,sname,rest_id,username) VALUES (25,'Sophie',37,'staff25');
INSERT INTO Staff (staff_id,sname,rest_id,username) VALUES (26,'Grantdy',72,'staff26');
INSERT INTO Staff (staff_id,sname,rest_id,username) VALUES (27,'Jad',97,'staff27');
INSERT INTO Staff (staff_id,sname,rest_id,username) VALUES (28,'Jay',74,'staff28');
INSERT INTO Staff (staff_id,sname,rest_id,username) VALUES (29,'Dee',12,'staff29');
INSERT INTO Staff (staff_id,sname,rest_id,username) VALUES (30,'Sophie',33,'staff30');
INSERT INTO Staff (staff_id,sname,rest_id,username) VALUES (31,'Prunes',96,'staff31');
INSERT INTO Staff (staff_id,sname,rest_id,username) VALUES (32,'Lucianna',17,'staff32');
INSERT INTO Staff (staff_id,sname,rest_id,username) VALUES (33,'Aidan',86,'staff33');
INSERT INTO Staff (staff_id,sname,rest_id,username) VALUES (34,'Cheryl',88,'staff34');
INSERT INTO Staff (staff_id,sname,rest_id,username) VALUES (35,'Sophie',24,'staff35');
INSERT INTO Staff (staff_id,sname,rest_id,username) VALUES (36,'Regina',51,'staff36');
INSERT INTO Staff (staff_id,sname,rest_id,username) VALUES (37,'Martin',7,'staff37');
INSERT INTO Staff (staff_id,sname,rest_id,username) VALUES (38,'Zou Hang',68,'staff38');
INSERT INTO Staff (staff_id,sname,rest_id,username) VALUES (39,'Cheryl',52,'staff39');
INSERT INTO Staff (staff_id,sname,rest_id,username) VALUES (40,'Regina',66,'staff40');
INSERT INTO Staff (staff_id,sname,rest_id,username) VALUES (41,'Pyro',51,'staff41');
INSERT INTO Staff (staff_id,sname,rest_id,username) VALUES (42,'M',85,'staff42');
INSERT INTO Staff (staff_id,sname,rest_id,username) VALUES (43,'Kim',71,'staff43');
INSERT INTO Staff (staff_id,sname,rest_id,username) VALUES (44,'Jing Yi',58,'staff44');
INSERT INTO Staff (staff_id,sname,rest_id,username) VALUES (45,'Chang',5,'staff45');
INSERT INTO Staff (staff_id,sname,rest_id,username) VALUES (46,'Daniel',56,'staff46');
INSERT INTO Staff (staff_id,sname,rest_id,username) VALUES (47,'Iris',56,'staff47');
INSERT INTO Staff (staff_id,sname,rest_id,username) VALUES (48,'Shane',78,'staff48');
INSERT INTO Staff (staff_id,sname,rest_id,username) VALUES (49,'Hanin',32,'staff49');
INSERT INTO Staff (staff_id,sname,rest_id,username) VALUES (50,'Daniel',51,'staff50');
INSERT INTO Staff (staff_id,sname,rest_id,username) VALUES (51,'Grantdy',56,'staff51');
INSERT INTO Staff (staff_id,sname,rest_id,username) VALUES (52,'Aurelia',58,'staff52');
INSERT INTO Staff (staff_id,sname,rest_id,username) VALUES (53,'Kelly',27,'staff53');
INSERT INTO Staff (staff_id,sname,rest_id,username) VALUES (54,'Nan Cheng',100,'staff54');
INSERT INTO Staff (staff_id,sname,rest_id,username) VALUES (55,'Darren',35,'staff55');
INSERT INTO Staff (staff_id,sname,rest_id,username) VALUES (56,'Michaela',4,'staff56');
INSERT INTO Staff (staff_id,sname,rest_id,username) VALUES (57,'Chloe',94,'staff57');
INSERT INTO Staff (staff_id,sname,rest_id,username) VALUES (58,'Darren',52,'staff58');
INSERT INTO Staff (staff_id,sname,rest_id,username) VALUES (59,'Eugene',65,'staff59');
INSERT INTO Staff (staff_id,sname,rest_id,username) VALUES (60,'Zou Hang',72,'staff60');
INSERT INTO Staff (staff_id,sname,rest_id,username) VALUES (61,'Kong',68,'staff61');
INSERT INTO Staff (staff_id,sname,rest_id,username) VALUES (62,'Joanne',87,'staff62');
INSERT INTO Staff (staff_id,sname,rest_id,username) VALUES (63,'Nina',71,'staff63');
INSERT INTO Staff (staff_id,sname,rest_id,username) VALUES (64,'Xin',18,'staff64');
INSERT INTO Staff (staff_id,sname,rest_id,username) VALUES (65,'Wright',8,'staff65');
INSERT INTO Staff (staff_id,sname,rest_id,username) VALUES (66,'Wveyy',23,'staff66');
INSERT INTO Staff (staff_id,sname,rest_id,username) VALUES (67,'Valerieee',49,'staff67');
INSERT INTO Staff (staff_id,sname,rest_id,username) VALUES (68,'Roy',89,'staff68');
INSERT INTO Staff (staff_id,sname,rest_id,username) VALUES (69,'Varun',78,'staff69');
INSERT INTO Staff (staff_id,sname,rest_id,username) VALUES (70,'Bhumika',23,'staff70');
INSERT INTO Staff (staff_id,sname,rest_id,username) VALUES (71,'Vanessa',7,'staff71');
INSERT INTO Staff (staff_id,sname,rest_id,username) VALUES (72,'Zac',39,'staff72');
INSERT INTO Staff (staff_id,sname,rest_id,username) VALUES (73,'Hasanah',41,'staff73');
INSERT INTO Staff (staff_id,sname,rest_id,username) VALUES (74,'Nan Cheng',87,'staff74');
INSERT INTO Staff (staff_id,sname,rest_id,username) VALUES (75,'Desmond',88,'staff75');
INSERT INTO Staff (staff_id,sname,rest_id,username) VALUES (76,'Eric',12,'staff76');
INSERT INTO Staff (staff_id,sname,rest_id,username) VALUES (77,'Ora',34,'staff77');
INSERT INTO Staff (staff_id,sname,rest_id,username) VALUES (78,'Nan Cheng',14,'staff78');
INSERT INTO Staff (staff_id,sname,rest_id,username) VALUES (79,'Vanessa',49,'staff79');
INSERT INTO Staff (staff_id,sname,rest_id,username) VALUES (80,'Aniq',7,'staff80');
INSERT INTO Staff (staff_id,sname,rest_id,username) VALUES (81,'Hongkai',62,'staff81');
INSERT INTO Staff (staff_id,sname,rest_id,username) VALUES (82,'Emily',5,'staff82');
INSERT INTO Staff (staff_id,sname,rest_id,username) VALUES (83,'Jiaxuan',7,'staff83');
INSERT INTO Staff (staff_id,sname,rest_id,username) VALUES (84,'Eric',44,'staff84');
INSERT INTO Staff (staff_id,sname,rest_id,username) VALUES (85,'Xiang',53,'staff85');
INSERT INTO Staff (staff_id,sname,rest_id,username) VALUES (86,'Gladys',50,'staff86');
INSERT INTO Staff (staff_id,sname,rest_id,username) VALUES (87,'Katherine',41,'staff87');
INSERT INTO Staff (staff_id,sname,rest_id,username) VALUES (88,'Chen',78,'staff88');
INSERT INTO Staff (staff_id,sname,rest_id,username) VALUES (89,'Javier',49,'staff89');
INSERT INTO Staff (staff_id,sname,rest_id,username) VALUES (90,'Desmond',28,'staff90');
INSERT INTO Staff (staff_id,sname,rest_id,username) VALUES (91,'Hannah',4,'staff91');
INSERT INTO Staff (staff_id,sname,rest_id,username) VALUES (92,'Valerie',33,'staff92');
INSERT INTO Staff (staff_id,sname,rest_id,username) VALUES (93,'Desmond',82,'staff93');
INSERT INTO Staff (staff_id,sname,rest_id,username) VALUES (94,'Wei Ren',100,'staff94');
INSERT INTO Staff (staff_id,sname,rest_id,username) VALUES (95,'Kam',48,'staff95');
INSERT INTO Staff (staff_id,sname,rest_id,username) VALUES (96,'Muzzammil',27,'staff96');
INSERT INTO Staff (staff_id,sname,rest_id,username) VALUES (97,'Roy',14,'staff97');
INSERT INTO Staff (staff_id,sname,rest_id,username) VALUES (98,'Aveek',17,'staff98');
INSERT INTO Staff (staff_id,sname,rest_id,username) VALUES (99,'Belle',15,'staff99');
INSERT INTO Staff (staff_id,sname,rest_id,username) VALUES (100,'Cheryl',92,'staff100');





INSERT INTO Customers (cid , cname, credit_card_number, join_date, username) VALUES (1,'Xiang','2080 7117 4551 2585','14/02/2018','customer1');
INSERT INTO Customers (cid , cname, credit_card_number, join_date, username) VALUES (2,'Adam','6738 6661 7462 7381','01/01/2018','customer2');
INSERT INTO Customers (cid , cname, credit_card_number, join_date, username) VALUES (3,'Ken','7145 3019 9696 3177','13/05/2018','customer3');
INSERT INTO Customers (cid , cname, credit_card_number, join_date, username) VALUES (4,'Ora','2033 2912 9703 7799','11/01/2018','customer4');
INSERT INTO Customers (cid , cname, credit_card_number, join_date, username) VALUES (5,'Jolly','4574 3601 3886 7143','23/02/2018','customer5');
INSERT INTO Customers (cid , cname, credit_card_number, join_date, username) VALUES (6,'Fuzz','7278 7131 8640 7715','28/04/2018','customer6');
INSERT INTO Customers (cid , cname, credit_card_number, join_date, username) VALUES (7,'Aidan','1428 8739 5889 6328','21/03/2018','customer7');
INSERT INTO Customers (cid , cname, credit_card_number, join_date, username) VALUES (8,'Sophie','6124 8315 8215 8183','07/04/2018','customer8');
INSERT INTO Customers (cid , cname, credit_card_number, join_date, username) VALUES (9,'Michaela','8935 7471 8911 6411','29/03/2018','customer9');
INSERT INTO Customers (cid , cname, credit_card_number, join_date, username) VALUES (10,'Hussen','7718 1028 3227 6576','21/05/2018','customer10');
INSERT INTO Customers (cid , cname, credit_card_number, join_date, username) VALUES (11,'Annabelle','1506 8205 1824 2415','25/02/2018','customer11');
INSERT INTO Customers (cid , cname, credit_card_number, join_date, username) VALUES (12,'Alex','7947 2167 9724 1583','04/02/2018','customer12');
INSERT INTO Customers (cid , cname, credit_card_number, join_date, username) VALUES (13,'Jackson','2971 4997 3977 8416','22/03/2018','customer13');
INSERT INTO Customers (cid , cname, credit_card_number, join_date, username) VALUES (14,'Vicky','1072 3046 7316 1334','01/03/2018','customer14');
INSERT INTO Customers (cid , cname, credit_card_number, join_date, username) VALUES (15,'Chen','6077 1009 6380 4914','11/03/2018','customer15');
INSERT INTO Customers (cid , cname, credit_card_number, join_date, username) VALUES (16,'Xiang','5601 4192 2211 3136','23/06/2018','customer16');
INSERT INTO Customers (cid , cname, credit_card_number, join_date, username) VALUES (17,'Jing Yi','4496 1497 6783 2190','06/06/2018','customer17');
INSERT INTO Customers (cid , cname, credit_card_number, join_date, username) VALUES (18,'Derrik','3671 5407 2358 8553','22/01/2018','customer18');
INSERT INTO Customers (cid , cname, credit_card_number, join_date, username) VALUES (19,'Damien','9270 5288 1168 9899','10/01/2018','customer19');
INSERT INTO Customers (cid , cname, credit_card_number, join_date, username) VALUES (20,'Hasanah','4980 9603 7236 8521','16/01/2018','customer20');
INSERT INTO Customers (cid , cname, credit_card_number, join_date, username) VALUES (21,'Claris','3884 2850 6760 8283','06/03/2018','customer21');
INSERT INTO Customers (cid , cname, credit_card_number, join_date, username) VALUES (22,'Hans','8417 7761 3445 4800','20/03/2018','customer22');
INSERT INTO Customers (cid , cname, credit_card_number, join_date, username) VALUES (23,'Dan','9462 2770 2057 9729','05/04/2018','customer23');
INSERT INTO Customers (cid , cname, credit_card_number, join_date, username) VALUES (24,'Desmond','5328 7206 7774 4321','02/03/2018','customer24');
INSERT INTO Customers (cid , cname, credit_card_number, join_date, username) VALUES (25,'Lee','7088 6526 7906 2854','27/06/2018','customer25');
INSERT INTO Customers (cid , cname, credit_card_number, join_date, username) VALUES (26,'Isabelle','6713 5635 2255 5858','10/06/2018','customer26');
INSERT INTO Customers (cid , cname, credit_card_number, join_date, username) VALUES (27,'Rissa','7557 5354 3361 2317','07/04/2018','customer27');
INSERT INTO Customers (cid , cname, credit_card_number, join_date, username) VALUES (28,'M','4759 4205 6041 6077','09/02/2018','customer28');
INSERT INTO Customers (cid , cname, credit_card_number, join_date, username) VALUES (29,'Aidan','2623 5155 8191 8718','13/01/2018','customer29');
INSERT INTO Customers (cid , cname, credit_card_number, join_date, username) VALUES (30,'Pyro','4678 9385 4321 7900','15/06/2018','customer30');
INSERT INTO Customers (cid , cname, credit_card_number, join_date, username) VALUES (31,'Michaela','2813 7601 9707 6713','03/01/2018','customer31');
INSERT INTO Customers (cid , cname, credit_card_number, join_date, username) VALUES (32,'Kelly','9212 3379 3235 2427','31/01/2018','customer32');
INSERT INTO Customers (cid , cname, credit_card_number, join_date, username) VALUES (33,'Umdel','1679 4870 2591 7579','21/01/2018','customer33');
INSERT INTO Customers (cid , cname, credit_card_number, join_date, username) VALUES (34,'Thane','6577 8852 1215 7329','22/04/2018','customer34');
INSERT INTO Customers (cid , cname, credit_card_number, join_date, username) VALUES (35,'Karl','1073 5779 3517 7921','05/03/2018','customer35');
INSERT INTO Customers (cid , cname, credit_card_number, join_date, username) VALUES (36,'Claudia','4789 8189 8173 5969','25/05/2018','customer36');
INSERT INTO Customers (cid , cname, credit_card_number, join_date, username) VALUES (37,'Cheryl','6788 7771 9637 2673','02/04/2018','customer37');
INSERT INTO Customers (cid , cname, credit_card_number, join_date, username) VALUES (38,'Yi Jia','1079 5181 3777 2610','04/06/2018','customer38');
INSERT INTO Customers (cid , cname, credit_card_number, join_date, username) VALUES (39,'Calven','6067 1790 6603 5473','22/01/2018','customer39');
INSERT INTO Customers (cid , cname, credit_card_number, join_date, username) VALUES (40,'Felicia','4077 7258 7786 9481','03/03/2018','customer40');
INSERT INTO Customers (cid , cname, credit_card_number, join_date, username) VALUES (41,'Aikins Osei','3933 3862 6893 2824','08/06/2018','customer41');
INSERT INTO Customers (cid , cname, credit_card_number, join_date, username) VALUES (42,'Gladys','3032 8929 5439 8515','25/05/2018','customer42');
INSERT INTO Customers (cid , cname, credit_card_number, join_date, username) VALUES (43,'Sean','6285 2004 6434 2708','15/01/2018','customer43');
INSERT INTO Customers (cid , cname, credit_card_number, join_date, username) VALUES (44,'Umdel','8760 4500 5164 3880','08/01/2018','customer44');
INSERT INTO Customers (cid , cname, credit_card_number, join_date, username) VALUES (45,'Amanda','2973 2535 6011 9695','20/05/2018','customer45');
INSERT INTO Customers (cid , cname, credit_card_number, join_date, username) VALUES (46,'Ria','6014 7919 5481 6831','29/03/2018','customer46');
INSERT INTO Customers (cid , cname, credit_card_number, join_date, username) VALUES (47,'Jing Yi','3962 4200 3339 1622','08/01/2018','customer47');
INSERT INTO Customers (cid , cname, credit_card_number, join_date, username) VALUES (48,'Joanne','9254 9740 5628 9630','07/03/2018','customer48');
INSERT INTO Customers (cid , cname, credit_card_number, join_date, username) VALUES (49,'Sarah','4603 1066 5007 6707','04/02/2018','customer49');
INSERT INTO Customers (cid , cname, credit_card_number, join_date, username) VALUES (50,'Grantdy','8966 2420 9540 5741','28/03/2018','customer50');
INSERT INTO Customers (cid , cname, credit_card_number, join_date, username) VALUES (51,'Zhuo Sze','8699 5231 5704 6457','16/02/2018','customer51');
INSERT INTO Customers (cid , cname, credit_card_number, join_date, username) VALUES (52,'Chang','4021 7877 3666 4995','10/05/2018','customer52');
INSERT INTO Customers (cid , cname, credit_card_number, join_date, username) VALUES (53,'Cherilyn','3380 1669 4574 4230','27/03/2018','customer53');
INSERT INTO Customers (cid , cname, credit_card_number, join_date, username) VALUES (54,'Amanda','3270 1384 7349 3721','25/02/2018','customer54');
INSERT INTO Customers (cid , cname, credit_card_number, join_date, username) VALUES (55,'Derrik','8750 6556 4488 4238','07/02/2018','customer55');
INSERT INTO Customers (cid , cname, credit_card_number, join_date, username) VALUES (56,'Grantdy','3456 6087 3580 5559','28/05/2018','customer56');
INSERT INTO Customers (cid , cname, credit_card_number, join_date, username) VALUES (57,'Javier','4982 2594 1556 5443','29/03/2018','customer57');
INSERT INTO Customers (cid , cname, credit_card_number, join_date, username) VALUES (58,'Kong','5175 8613 8321 3428','14/03/2018','customer58');
INSERT INTO Customers (cid , cname, credit_card_number, join_date, username) VALUES (59,'Kong','3655 3439 5830 6019','15/01/2018','customer59');
INSERT INTO Customers (cid , cname, credit_card_number, join_date, username) VALUES (60,'Josiah','5448 1763 8604 7097','15/03/2018','customer60');
INSERT INTO Customers (cid , cname, credit_card_number, join_date, username) VALUES (61,'Christopher','8533 7642 7862 3602','21/01/2018','customer61');
INSERT INTO Customers (cid , cname, credit_card_number, join_date, username) VALUES (62,'Katherine','1200 6460 5273 7090','09/02/2018','customer62');
INSERT INTO Customers (cid , cname, credit_card_number, join_date, username) VALUES (63,'Claudia','4981 6434 6518 7053','26/03/2018','customer63');
INSERT INTO Customers (cid , cname, credit_card_number, join_date, username) VALUES (64,'Zafirah','4431 9249 8039 9840','13/04/2018','customer64');
INSERT INTO Customers (cid , cname, credit_card_number, join_date, username) VALUES (65,'Ria','8233 1198 8412 1313','19/05/2018','customer65');
INSERT INTO Customers (cid , cname, credit_card_number, join_date, username) VALUES (66,'Giselle','7346 9100 3631 6688','25/01/2018','customer66');
INSERT INTO Customers (cid , cname, credit_card_number, join_date, username) VALUES (67,'Jiaxuan','1995 9659 2485 3700','15/01/2018','customer67');
INSERT INTO Customers (cid , cname, credit_card_number, join_date, username) VALUES (68,'Ben','1862 2672 7633 1086','31/05/2018','customer68');
INSERT INTO Customers (cid , cname, credit_card_number, join_date, username) VALUES (69,'Zhen Wei','3043 3491 1150 7599','26/06/2018','customer69');
INSERT INTO Customers (cid , cname, credit_card_number, join_date, username) VALUES (70,'Benjamin','1411 9899 5110 2127','16/04/2018','customer70');
INSERT INTO Customers (cid , cname, credit_card_number, join_date, username) VALUES (71,'Dina','4640 8312 6246 3828','24/03/2018','customer71');
INSERT INTO Customers (cid , cname, credit_card_number, join_date, username) VALUES (72,'Calven','5027 2652 8876 9224','02/01/2018','customer72');
INSERT INTO Customers (cid , cname, credit_card_number, join_date, username) VALUES (73,'Ace','6762 6034 4019 5972','01/01/2018','customer73');
INSERT INTO Customers (cid , cname, credit_card_number, join_date, username) VALUES (74,'Annabelle','6695 8850 4571 8631','10/05/2018','customer74');
INSERT INTO Customers (cid , cname, credit_card_number, join_date, username) VALUES (75,'Xavier','4564 6665 6858 7193','08/02/2018','customer75');
INSERT INTO Customers (cid , cname, credit_card_number, join_date, username) VALUES (76,'Joanne','7162 1294 5264 1848','12/04/2018','customer76');
INSERT INTO Customers (cid , cname, credit_card_number, join_date, username) VALUES (77,'Lina','4059 9764 4507 8939','06/03/2018','customer77');
INSERT INTO Customers (cid , cname, credit_card_number, join_date, username) VALUES (78,'Tara','1615 4111 6352 5771','29/03/2018','customer78');
INSERT INTO Customers (cid , cname, credit_card_number, join_date, username) VALUES (79,'Hongkai','6802 1703 6009 3524','13/04/2018','customer79');
INSERT INTO Customers (cid , cname, credit_card_number, join_date, username) VALUES (80,'Bhumika','7233 2089 9301 8649','01/04/2018','customer80');
INSERT INTO Customers (cid , cname, credit_card_number, join_date, username) VALUES (81,'Yee','4633 1128 4484 6050','03/06/2018','customer81');
INSERT INTO Customers (cid , cname, credit_card_number, join_date, username) VALUES (82,'Michelle','5384 9865 3089 2846','01/02/2018','customer82');
INSERT INTO Customers (cid , cname, credit_card_number, join_date, username) VALUES (83,'Syawal','7551 8397 5642 7838','06/01/2018','customer83');
INSERT INTO Customers (cid , cname, credit_card_number, join_date, username) VALUES (84,'Sofia','9041 3030 6012 1561','17/04/2018','customer84');
INSERT INTO Customers (cid , cname, credit_card_number, join_date, username) VALUES (85,'Alexis','5944 6988 4650 4955','30/04/2018','customer85');
INSERT INTO Customers (cid , cname, credit_card_number, join_date, username) VALUES (86,'Mark','2498 1745 6993 3933','23/02/2018','customer86');
INSERT INTO Customers (cid , cname, credit_card_number, join_date, username) VALUES (87,'Jolly','6231 2757 5367 2590','07/05/2018','customer87');
INSERT INTO Customers (cid , cname, credit_card_number, join_date, username) VALUES (88,'Daniel','4324 3119 6533 6478','27/05/2018','customer88');
INSERT INTO Customers (cid , cname, credit_card_number, join_date, username) VALUES (89,'Vanessa','5863 8352 4737 4543','16/03/2018','customer89');
INSERT INTO Customers (cid , cname, credit_card_number, join_date, username) VALUES (90,'Dan','6838 7500 5809 7865','08/04/2018','customer90');
INSERT INTO Customers (cid , cname, credit_card_number, join_date, username) VALUES (91,'Aveek','2248 8169 5339 3515','27/02/2018','customer91');
INSERT INTO Customers (cid , cname, credit_card_number, join_date, username) VALUES (92,'Ashlyn','5214 8058 6351 1268','19/01/2018','customer92');
INSERT INTO Customers (cid , cname, credit_card_number, join_date, username) VALUES (93,'Daniel','9113 1538 3565 8802','21/05/2018','customer93');
INSERT INTO Customers (cid , cname, credit_card_number, join_date, username) VALUES (94,'Chen','6376 3288 2402 8750','09/05/2018','customer94');
INSERT INTO Customers (cid , cname, credit_card_number, join_date, username) VALUES (95,'Adam','4156 8379 8041 8276','10/02/2018','customer95');
INSERT INTO Customers (cid , cname, credit_card_number, join_date, username) VALUES (96,'Desmond','2717 5316 5293 9002','30/04/2018','customer96');
INSERT INTO Customers (cid , cname, credit_card_number, join_date, username) VALUES (97,'Tyris','2272 6693 9413 6249','01/03/2018','customer97');
INSERT INTO Customers (cid , cname, credit_card_number, join_date, username) VALUES (98,'Cherilyn','1153 6879 9260 2514','03/04/2018','customer98');
INSERT INTO Customers (cid , cname, credit_card_number, join_date, username) VALUES (99,'Chang','4047 4006 6960 1276','19/02/2018','customer99');
INSERT INTO Customers (cid , cname, credit_card_number, join_date, username) VALUES (100,'Gasper','7469 7187 4196 3437','25/04/2018','customer100');







INSERT INTO Riders (rider_id,rname,rider_type,base_salary,username) VALUES (1,'Kelly','FT',3200,'rider1');
INSERT INTO Riders (rider_id,rname,rider_type,base_salary,username) VALUES (2,'Ho','PT',200,'rider2');
INSERT INTO Riders (rider_id,rname,rider_type,base_salary,username) VALUES (3,'Wei','PT',200,'rider3');
INSERT INTO Riders (rider_id,rname,rider_type,base_salary,username) VALUES (4,'Mitchie','FT',3200,'rider4');
INSERT INTO Riders (rider_id,rname,rider_type,base_salary,username) VALUES (5,'Karl','FT',3200,'rider5');
INSERT INTO Riders (rider_id,rname,rider_type,base_salary,username) VALUES (6,'Rissa','PT',200,'rider6');
INSERT INTO Riders (rider_id,rname,rider_type,base_salary,username) VALUES (7,'Zac','PT',200,'rider7');
INSERT INTO Riders (rider_id,rname,rider_type,base_salary,username) VALUES (8,'Charmaine','FT',3200,'rider8');
INSERT INTO Riders (rider_id,rname,rider_type,base_salary,username) VALUES (9,'Tuti','PT',200,'rider9');
INSERT INTO Riders (rider_id,rname,rider_type,base_salary,username) VALUES (10,'Iris','FT',3200,'rider10');
INSERT INTO Riders (rider_id,rname,rider_type,base_salary,username) VALUES (11,'Gen','PT',200,'rider11');
INSERT INTO Riders (rider_id,rname,rider_type,base_salary,username) VALUES (12,'Robin','PT',200,'rider12');
INSERT INTO Riders (rider_id,rname,rider_type,base_salary,username) VALUES (13,'Aqmal','FT',3200,'rider13');
INSERT INTO Riders (rider_id,rname,rider_type,base_salary,username) VALUES (14,'Chloe','PT',200,'rider14');
INSERT INTO Riders (rider_id,rname,rider_type,base_salary,username) VALUES (15,'Felicia','FT',3200,'rider15');
INSERT INTO Riders (rider_id,rname,rider_type,base_salary,username) VALUES (16,'Gasper','PT',200,'rider16');
INSERT INTO Riders (rider_id,rname,rider_type,base_salary,username) VALUES (17,'Isaac','FT',3200,'rider17');
INSERT INTO Riders (rider_id,rname,rider_type,base_salary,username) VALUES (18,'Marcus','PT',200,'rider18');
INSERT INTO Riders (rider_id,rname,rider_type,base_salary,username) VALUES (19,'Alexis','FT',3200,'rider19');
INSERT INTO Riders (rider_id,rname,rider_type,base_salary,username) VALUES (20,'Fuzz','FT',3200,'rider20');
INSERT INTO Riders (rider_id,rname,rider_type,base_salary,username) VALUES (21,'Claudia','PT',200,'rider21');
INSERT INTO Riders (rider_id,rname,rider_type,base_salary,username) VALUES (22,'Aidan','FT',3200,'rider22');
INSERT INTO Riders (rider_id,rname,rider_type,base_salary,username) VALUES (23,'Tuti','FT',3200,'rider23');
INSERT INTO Riders (rider_id,rname,rider_type,base_salary,username) VALUES (24,'Lucianna','PT',200,'rider24');
INSERT INTO Riders (rider_id,rname,rider_type,base_salary,username) VALUES (25,'Helmi','PT',200,'rider25');
INSERT INTO Riders (rider_id,rname,rider_type,base_salary,username) VALUES (26,'Lee','FT',3200,'rider26');
INSERT INTO Riders (rider_id,rname,rider_type,base_salary,username) VALUES (27,'Kim','FT',3200,'rider27');
INSERT INTO Riders (rider_id,rname,rider_type,base_salary,username) VALUES (28,'Thane','PT',200,'rider28');
INSERT INTO Riders (rider_id,rname,rider_type,base_salary,username) VALUES (29,'Felicia','PT',200,'rider29');
INSERT INTO Riders (rider_id,rname,rider_type,base_salary,username) VALUES (30,'Lydiah','PT',200,'rider30');
INSERT INTO Riders (rider_id,rname,rider_type,base_salary,username) VALUES (31,'Wei Ren','PT',200,'rider31');
INSERT INTO Riders (rider_id,rname,rider_type,base_salary,username) VALUES (32,'Claire','PT',200,'rider32');
INSERT INTO Riders (rider_id,rname,rider_type,base_salary,username) VALUES (33,'Ace','FT',3200,'rider33');
INSERT INTO Riders (rider_id,rname,rider_type,base_salary,username) VALUES (34,'Chen','PT',200,'rider34');
INSERT INTO Riders (rider_id,rname,rider_type,base_salary,username) VALUES (35,'Peisen','PT',200,'rider35');
INSERT INTO Riders (rider_id,rname,rider_type,base_salary,username) VALUES (36,'Richard','PT',200,'rider36');
INSERT INTO Riders (rider_id,rname,rider_type,base_salary,username) VALUES (37,'Kam','FT',3200,'rider37');
INSERT INTO Riders (rider_id,rname,rider_type,base_salary,username) VALUES (38,'Hasanah','FT',3200,'rider38');
INSERT INTO Riders (rider_id,rname,rider_type,base_salary,username) VALUES (39,'Zac','FT',3200,'rider39');
INSERT INTO Riders (rider_id,rname,rider_type,base_salary,username) VALUES (40,'Roy','FT',3200,'rider40');
INSERT INTO Riders (rider_id,rname,rider_type,base_salary,username) VALUES (41,'Peisen','PT',200,'rider41');
INSERT INTO Riders (rider_id,rname,rider_type,base_salary,username) VALUES (42,'Muzzammil','PT',200,'rider42');
INSERT INTO Riders (rider_id,rname,rider_type,base_salary,username) VALUES (43,'Min','FT',3200,'rider43');
INSERT INTO Riders (rider_id,rname,rider_type,base_salary,username) VALUES (44,'Gen','PT',200,'rider44');
INSERT INTO Riders (rider_id,rname,rider_type,base_salary,username) VALUES (45,'Kong','FT',3200,'rider45');
INSERT INTO Riders (rider_id,rname,rider_type,base_salary,username) VALUES (46,'Regina','FT',3200,'rider46');
INSERT INTO Riders (rider_id,rname,rider_type,base_salary,username) VALUES (47,'Josiah','PT',200,'rider47');
INSERT INTO Riders (rider_id,rname,rider_type,base_salary,username) VALUES (48,'Chloe','PT',200,'rider48');
INSERT INTO Riders (rider_id,rname,rider_type,base_salary,username) VALUES (49,'Sarah','FT',3200,'rider49');
INSERT INTO Riders (rider_id,rname,rider_type,base_salary,username) VALUES (50,'Charlize','FT',3200,'rider50');
INSERT INTO Riders (rider_id,rname,rider_type,base_salary,username) VALUES (51,'M','PT',200,'rider51');
INSERT INTO Riders (rider_id,rname,rider_type,base_salary,username) VALUES (52,'Sean','PT',200,'rider52');
INSERT INTO Riders (rider_id,rname,rider_type,base_salary,username) VALUES (53,'Aveek','PT',200,'rider53');
INSERT INTO Riders (rider_id,rname,rider_type,base_salary,username) VALUES (54,'Louis','FT',3200,'rider54');
INSERT INTO Riders (rider_id,rname,rider_type,base_salary,username) VALUES (55,'Jolly','PT',200,'rider55');
INSERT INTO Riders (rider_id,rname,rider_type,base_salary,username) VALUES (56,'Ashlyn','PT',200,'rider56');
INSERT INTO Riders (rider_id,rname,rider_type,base_salary,username) VALUES (57,'Lim','PT',200,'rider57');
INSERT INTO Riders (rider_id,rname,rider_type,base_salary,username) VALUES (58,'Belle','FT',3200,'rider58');
INSERT INTO Riders (rider_id,rname,rider_type,base_salary,username) VALUES (59,'Prunes','FT',3200,'rider59');
INSERT INTO Riders (rider_id,rname,rider_type,base_salary,username) VALUES (60,'Jasmine','FT',3200,'rider60');
INSERT INTO Riders (rider_id,rname,rider_type,base_salary,username) VALUES (61,'Katherine','FT',3200,'rider61');
INSERT INTO Riders (rider_id,rname,rider_type,base_salary,username) VALUES (62,'Aikins Osei','PT',200,'rider62');
INSERT INTO Riders (rider_id,rname,rider_type,base_salary,username) VALUES (63,'Gasper','FT',3200,'rider63');
INSERT INTO Riders (rider_id,rname,rider_type,base_salary,username) VALUES (64,'Jad','FT',3200,'rider64');
INSERT INTO Riders (rider_id,rname,rider_type,base_salary,username) VALUES (65,'Ashlyn','PT',200,'rider65');
INSERT INTO Riders (rider_id,rname,rider_type,base_salary,username) VALUES (66,'Jean','PT',200,'rider66');
INSERT INTO Riders (rider_id,rname,rider_type,base_salary,username) VALUES (67,'Rissa','FT',3200,'rider67');
INSERT INTO Riders (rider_id,rname,rider_type,base_salary,username) VALUES (68,'Valerie','FT',3200,'rider68');
INSERT INTO Riders (rider_id,rname,rider_type,base_salary,username) VALUES (69,'Dina','PT',200,'rider69');
INSERT INTO Riders (rider_id,rname,rider_type,base_salary,username) VALUES (70,'Vicky','FT',3200,'rider70');
INSERT INTO Riders (rider_id,rname,rider_type,base_salary,username) VALUES (71,'Christopher','PT',200,'rider71');
INSERT INTO Riders (rider_id,rname,rider_type,base_salary,username) VALUES (72,'Yi Jia','FT',3200,'rider72');
INSERT INTO Riders (rider_id,rname,rider_type,base_salary,username) VALUES (73,'Iris','PT',200,'rider73');
INSERT INTO Riders (rider_id,rname,rider_type,base_salary,username) VALUES (74,'Lydiah','PT',200,'rider74');
INSERT INTO Riders (rider_id,rname,rider_type,base_salary,username) VALUES (75,'Chen','PT',200,'rider75');
INSERT INTO Riders (rider_id,rname,rider_type,base_salary,username) VALUES (76,'Park Jin Ae','PT',200,'rider76');
INSERT INTO Riders (rider_id,rname,rider_type,base_salary,username) VALUES (77,'Lim','FT',3200,'rider77');
INSERT INTO Riders (rider_id,rname,rider_type,base_salary,username) VALUES (78,'Calven','FT',3200,'rider78');
INSERT INTO Riders (rider_id,rname,rider_type,base_salary,username) VALUES (79,'Roy','FT',3200,'rider79');
INSERT INTO Riders (rider_id,rname,rider_type,base_salary,username) VALUES (80,'Lee','PT',200,'rider80');
INSERT INTO Riders (rider_id,rname,rider_type,base_salary,username) VALUES (81,'M','FT',3200,'rider81');
INSERT INTO Riders (rider_id,rname,rider_type,base_salary,username) VALUES (82,'Josiah','PT',200,'rider82');
INSERT INTO Riders (rider_id,rname,rider_type,base_salary,username) VALUES (83,'Jiaxuan','PT',200,'rider83');
INSERT INTO Riders (rider_id,rname,rider_type,base_salary,username) VALUES (84,'M','PT',200,'rider84');
INSERT INTO Riders (rider_id,rname,rider_type,base_salary,username) VALUES (85,'Helmi','FT',3200,'rider85');
INSERT INTO Riders (rider_id,rname,rider_type,base_salary,username) VALUES (86,'Claris','FT',3200,'rider86');
INSERT INTO Riders (rider_id,rname,rider_type,base_salary,username) VALUES (87,'Lim','FT',3200,'rider87');
INSERT INTO Riders (rider_id,rname,rider_type,base_salary,username) VALUES (88,'Alfred','PT',200,'rider88');
INSERT INTO Riders (rider_id,rname,rider_type,base_salary,username) VALUES (89,'Henry','PT',200,'rider89');
INSERT INTO Riders (rider_id,rname,rider_type,base_salary,username) VALUES (90,'Prunes','FT',3200,'rider90');
INSERT INTO Riders (rider_id,rname,rider_type,base_salary,username) VALUES (91,'Sophie','FT',3200,'rider91');
INSERT INTO Riders (rider_id,rname,rider_type,base_salary,username) VALUES (92,'Amelia','FT',3200,'rider92');
INSERT INTO Riders (rider_id,rname,rider_type,base_salary,username) VALUES (93,'Rachel','FT',3200,'rider93');
INSERT INTO Riders (rider_id,rname,rider_type,base_salary,username) VALUES (94,'Jasim','FT',3200,'rider94');
INSERT INTO Riders (rider_id,rname,rider_type,base_salary,username) VALUES (95,'Yuri','PT',200,'rider95');
INSERT INTO Riders (rider_id,rname,rider_type,base_salary,username) VALUES (96,'Aidan','PT',200,'rider96');
INSERT INTO Riders (rider_id,rname,rider_type,base_salary,username) VALUES (97,'Aikins Osei','PT',200,'rider97');
INSERT INTO Riders (rider_id,rname,rider_type,base_salary,username) VALUES (98,'Damien','PT',200,'rider98');
INSERT INTO Riders (rider_id,rname,rider_type,base_salary,username) VALUES (99,'Mark','FT',3200,'rider99');
INSERT INTO Riders (rider_id,rname,rider_type,base_salary,username) VALUES (100,'Jad','FT',3200,'rider100');








INSERT INTO Orders (oid,order_placed,rider_depart_for_rest,rider_arrive_rest,rider_depart_for_delivery_location,order_delivered,payment_method,delivery_fee,total_cost,delivery_location,rider_id,rider_rating,cid) VALUES (1,'18/07/2018 19:39:07','18/07/2018 19:40:07','18/07/2018 19:46:07','18/07/2018 19:58:07','18/07/2018 20:04:07','CREDITCARD',2,10,'address7',1,5,12);
INSERT INTO Orders (oid,order_placed,rider_depart_for_rest,rider_arrive_rest,rider_depart_for_delivery_location,order_delivered,payment_method,delivery_fee,total_cost,delivery_location,rider_id,rider_rating,cid) VALUES (2,'24/07/2018 11:33:51','24/07/2018 11:35:51','24/07/2018 11:41:51','24/07/2018 11:50:51','24/07/2018 11:56:51','CASHONDELIVERY',2,10,'address50',2,5,5);
INSERT INTO Orders (oid,order_placed,rider_depart_for_rest,rider_arrive_rest,rider_depart_for_delivery_location,order_delivered,payment_method,delivery_fee,total_cost,delivery_location,rider_id,rider_rating,cid) VALUES (3,'30/07/2018 19:35:56','30/07/2018 19:37:56','30/07/2018 19:42:56','30/07/2018 19:52:56','30/07/2018 20:00:56','CREDITCARD',2,10,'address9',3,4,53);
INSERT INTO Orders (oid,order_placed,rider_depart_for_rest,rider_arrive_rest,rider_depart_for_delivery_location,order_delivered,payment_method,delivery_fee,total_cost,delivery_location,rider_id,rider_rating,cid) VALUES (4,'29/07/2018 11:07:12','29/07/2018 11:07:12','29/07/2018 11:16:12','29/07/2018 11:27:12','29/07/2018 11:36:12','CREDITCARD',2,10,'address60',4,4,6);
INSERT INTO Orders (oid,order_placed,rider_depart_for_rest,rider_arrive_rest,rider_depart_for_delivery_location,order_delivered,payment_method,delivery_fee,total_cost,delivery_location,rider_id,rider_rating,cid) VALUES (5,'17/07/2018 13:29:06','17/07/2018 13:31:06','17/07/2018 13:36:06','17/07/2018 13:48:06','17/07/2018 13:58:06','CREDITCARD',2,10,'address97',5,4,84);
INSERT INTO Orders (oid,order_placed,rider_depart_for_rest,rider_arrive_rest,rider_depart_for_delivery_location,order_delivered,payment_method,delivery_fee,total_cost,delivery_location,rider_id,rider_rating,cid) VALUES (6,'20/07/2018 13:28:02','20/07/2018 13:29:02','20/07/2018 13:37:02','20/07/2018 13:45:02','20/07/2018 13:54:02','CREDITCARD',2,10,'address75',6,3,26);
INSERT INTO Orders (oid,order_placed,rider_depart_for_rest,rider_arrive_rest,rider_depart_for_delivery_location,order_delivered,payment_method,delivery_fee,total_cost,delivery_location,rider_id,rider_rating,cid) VALUES (7,'30/07/2018 15:33:54','30/07/2018 15:34:54','30/07/2018 15:39:54','30/07/2018 15:53:54','30/07/2018 16:01:54','CREDITCARD',2,10,'address92',7,4,18);
INSERT INTO Orders (oid,order_placed,rider_depart_for_rest,rider_arrive_rest,rider_depart_for_delivery_location,order_delivered,payment_method,delivery_fee,total_cost,delivery_location,rider_id,rider_rating,cid) VALUES (8,'02/07/2018 16:01:01','02/07/2018 16:03:01','02/07/2018 16:12:01','02/07/2018 16:19:01','02/07/2018 16:28:01','CREDITCARD',2,10,'address64',8,3,22);
INSERT INTO Orders (oid,order_placed,rider_depart_for_rest,rider_arrive_rest,rider_depart_for_delivery_location,order_delivered,payment_method,delivery_fee,total_cost,delivery_location,rider_id,rider_rating,cid) VALUES (9,'30/07/2018 12:33:20','30/07/2018 12:33:20','30/07/2018 12:41:20','30/07/2018 12:50:20','30/07/2018 12:59:20','CREDITCARD',2,10,'address75',9,3,91);
INSERT INTO Orders (oid,order_placed,rider_depart_for_rest,rider_arrive_rest,rider_depart_for_delivery_location,order_delivered,payment_method,delivery_fee,total_cost,delivery_location,rider_id,rider_rating,cid) VALUES (10,'30/06/2018 12:42:17','30/06/2018 12:44:17','30/06/2018 12:50:17','30/06/2018 12:58:17','30/06/2018 13:08:17','CREDITCARD',2,10,'address75',10,3,81);
INSERT INTO Orders (oid,order_placed,rider_depart_for_rest,rider_arrive_rest,rider_depart_for_delivery_location,order_delivered,payment_method,delivery_fee,total_cost,delivery_location,rider_id,rider_rating,cid) VALUES (11,'20/07/2018 10:25:08','20/07/2018 10:25:08','20/07/2018 10:30:08','20/07/2018 10:45:08','20/07/2018 10:54:08','CREDITCARD',2,10,'address98',11,4,15);
INSERT INTO Orders (oid,order_placed,rider_depart_for_rest,rider_arrive_rest,rider_depart_for_delivery_location,order_delivered,payment_method,delivery_fee,total_cost,delivery_location,rider_id,rider_rating,cid) VALUES (12,'25/07/2018 19:44:47','25/07/2018 19:45:47','25/07/2018 19:55:47','25/07/2018 20:02:47','25/07/2018 20:10:47','CREDITCARD',2,10,'address12',12,5,2);
INSERT INTO Orders (oid,order_placed,rider_depart_for_rest,rider_arrive_rest,rider_depart_for_delivery_location,order_delivered,payment_method,delivery_fee,total_cost,delivery_location,rider_id,rider_rating,cid) VALUES (13,'04/07/2018 16:07:20','04/07/2018 16:07:20','04/07/2018 16:16:20','04/07/2018 16:27:20','04/07/2018 16:32:20','CASHONDELIVERY',2,10,'address40',13,3,71);
INSERT INTO Orders (oid,order_placed,rider_depart_for_rest,rider_arrive_rest,rider_depart_for_delivery_location,order_delivered,payment_method,delivery_fee,total_cost,delivery_location,rider_id,rider_rating,cid) VALUES (14,'19/07/2018 12:30:30','19/07/2018 12:30:30','19/07/2018 12:39:30','19/07/2018 12:45:30','19/07/2018 12:54:30','CASHONDELIVERY',2,10,'address34',14,5,51);
INSERT INTO Orders (oid,order_placed,rider_depart_for_rest,rider_arrive_rest,rider_depart_for_delivery_location,order_delivered,payment_method,delivery_fee,total_cost,delivery_location,rider_id,rider_rating,cid) VALUES (15,'04/07/2018 12:47:26','04/07/2018 12:48:26','04/07/2018 12:53:26','04/07/2018 13:02:26','04/07/2018 13:10:26','CREDITCARD',2,10,'address60',15,4,9);
INSERT INTO Orders (oid,order_placed,rider_depart_for_rest,rider_arrive_rest,rider_depart_for_delivery_location,order_delivered,payment_method,delivery_fee,total_cost,delivery_location,rider_id,rider_rating,cid) VALUES (16,'30/06/2018 11:04:58','30/06/2018 11:05:58','30/06/2018 11:10:58','30/06/2018 11:20:58','30/06/2018 11:26:58','CASHONDELIVERY',2,10,'address82',16,4,44);
INSERT INTO Orders (oid,order_placed,rider_depart_for_rest,rider_arrive_rest,rider_depart_for_delivery_location,order_delivered,payment_method,delivery_fee,total_cost,delivery_location,rider_id,rider_rating,cid) VALUES (17,'24/07/2018 19:43:58','24/07/2018 19:45:58','24/07/2018 19:51:58','24/07/2018 19:58:58','24/07/2018 20:05:58','CASHONDELIVERY',2,10,'address47',17,3,56);
INSERT INTO Orders (oid,order_placed,rider_depart_for_rest,rider_arrive_rest,rider_depart_for_delivery_location,order_delivered,payment_method,delivery_fee,total_cost,delivery_location,rider_id,rider_rating,cid) VALUES (18,'02/07/2018 12:08:54','02/07/2018 12:09:54','02/07/2018 12:14:54','02/07/2018 12:23:54','02/07/2018 12:32:54','CASHONDELIVERY',2,10,'address24',18,5,25);
INSERT INTO Orders (oid,order_placed,rider_depart_for_rest,rider_arrive_rest,rider_depart_for_delivery_location,order_delivered,payment_method,delivery_fee,total_cost,delivery_location,rider_id,rider_rating,cid) VALUES (19,'29/07/2018 17:07:22','29/07/2018 17:07:22','29/07/2018 17:12:22','29/07/2018 17:24:22','29/07/2018 17:34:22','CASHONDELIVERY',2,10,'address48',19,5,21);
INSERT INTO Orders (oid,order_placed,rider_depart_for_rest,rider_arrive_rest,rider_depart_for_delivery_location,order_delivered,payment_method,delivery_fee,total_cost,delivery_location,rider_id,rider_rating,cid) VALUES (20,'28/07/2018 11:39:29','28/07/2018 11:39:29','28/07/2018 11:44:29','28/07/2018 11:55:29','28/07/2018 12:04:29','CREDITCARD',2,10,'address83',20,3,97);
INSERT INTO Orders (oid,order_placed,rider_depart_for_rest,rider_arrive_rest,rider_depart_for_delivery_location,order_delivered,payment_method,delivery_fee,total_cost,delivery_location,rider_id,rider_rating,cid) VALUES (21,'28/07/2018 18:56:56','28/07/2018 18:56:56','28/07/2018 19:03:56','28/07/2018 19:15:56','28/07/2018 19:24:56','CASHONDELIVERY',2,10,'address18',21,5,42);
INSERT INTO Orders (oid,order_placed,rider_depart_for_rest,rider_arrive_rest,rider_depart_for_delivery_location,order_delivered,payment_method,delivery_fee,total_cost,delivery_location,rider_id,rider_rating,cid) VALUES (22,'18/07/2018 12:24:04','18/07/2018 12:24:04','18/07/2018 12:34:04','18/07/2018 12:41:04','18/07/2018 12:49:04','CREDITCARD',2,10,'address65',22,3,33);
INSERT INTO Orders (oid,order_placed,rider_depart_for_rest,rider_arrive_rest,rider_depart_for_delivery_location,order_delivered,payment_method,delivery_fee,total_cost,delivery_location,rider_id,rider_rating,cid) VALUES (23,'31/07/2018 18:27:05','31/07/2018 18:27:05','31/07/2018 18:34:05','31/07/2018 18:43:05','31/07/2018 18:49:05','CREDITCARD',2,10,'address79',23,3,75);
INSERT INTO Orders (oid,order_placed,rider_depart_for_rest,rider_arrive_rest,rider_depart_for_delivery_location,order_delivered,payment_method,delivery_fee,total_cost,delivery_location,rider_id,rider_rating,cid) VALUES (24,'28/07/2018 16:57:50','28/07/2018 16:59:50','28/07/2018 17:08:50','28/07/2018 17:17:50','28/07/2018 17:27:50','CREDITCARD',2,10,'address16',24,5,87);
INSERT INTO Orders (oid,order_placed,rider_depart_for_rest,rider_arrive_rest,rider_depart_for_delivery_location,order_delivered,payment_method,delivery_fee,total_cost,delivery_location,rider_id,rider_rating,cid) VALUES (25,'23/07/2018 18:57:19','23/07/2018 18:59:19','23/07/2018 19:07:19','23/07/2018 19:13:19','23/07/2018 19:23:19','CASHONDELIVERY',2,10,'address21',25,5,61);
INSERT INTO Orders (oid,order_placed,rider_depart_for_rest,rider_arrive_rest,rider_depart_for_delivery_location,order_delivered,payment_method,delivery_fee,total_cost,delivery_location,rider_id,rider_rating,cid) VALUES (26,'23/07/2018 16:42:33','23/07/2018 16:42:33','23/07/2018 16:52:33','23/07/2018 16:57:33','23/07/2018 17:02:33','CASHONDELIVERY',2,10,'address28',26,4,100);
INSERT INTO Orders (oid,order_placed,rider_depart_for_rest,rider_arrive_rest,rider_depart_for_delivery_location,order_delivered,payment_method,delivery_fee,total_cost,delivery_location,rider_id,rider_rating,cid) VALUES (27,'04/07/2018 14:00:25','04/07/2018 14:01:25','04/07/2018 14:06:25','04/07/2018 14:16:25','04/07/2018 14:25:25','CASHONDELIVERY',2,10,'address30',27,4,60);
INSERT INTO Orders (oid,order_placed,rider_depart_for_rest,rider_arrive_rest,rider_depart_for_delivery_location,order_delivered,payment_method,delivery_fee,total_cost,delivery_location,rider_id,rider_rating,cid) VALUES (28,'27/07/2018 16:35:08','27/07/2018 16:36:08','27/07/2018 16:42:08','27/07/2018 16:54:08','27/07/2018 16:59:08','CASHONDELIVERY',2,10,'address11',28,4,55);
INSERT INTO Orders (oid,order_placed,rider_depart_for_rest,rider_arrive_rest,rider_depart_for_delivery_location,order_delivered,payment_method,delivery_fee,total_cost,delivery_location,rider_id,rider_rating,cid) VALUES (29,'15/07/2018 17:17:09','15/07/2018 17:17:09','15/07/2018 17:27:09','15/07/2018 17:36:09','15/07/2018 17:45:09','CREDITCARD',2,10,'address91',29,5,90);
INSERT INTO Orders (oid,order_placed,rider_depart_for_rest,rider_arrive_rest,rider_depart_for_delivery_location,order_delivered,payment_method,delivery_fee,total_cost,delivery_location,rider_id,rider_rating,cid) VALUES (30,'02/07/2018 10:02:14','02/07/2018 10:04:14','02/07/2018 10:14:14','02/07/2018 10:20:14','02/07/2018 10:30:14','CASHONDELIVERY',2,10,'address30',30,3,14);
INSERT INTO Orders (oid,order_placed,rider_depart_for_rest,rider_arrive_rest,rider_depart_for_delivery_location,order_delivered,payment_method,delivery_fee,total_cost,delivery_location,rider_id,rider_rating,cid) VALUES (31,'04/07/2018 15:33:33','04/07/2018 15:35:33','04/07/2018 15:45:33','04/07/2018 15:50:33','04/07/2018 16:00:33','CREDITCARD',2,10,'address27',31,3,83);
INSERT INTO Orders (oid,order_placed,rider_depart_for_rest,rider_arrive_rest,rider_depart_for_delivery_location,order_delivered,payment_method,delivery_fee,total_cost,delivery_location,rider_id,rider_rating,cid) VALUES (32,'29/07/2018 16:28:46','29/07/2018 16:29:46','29/07/2018 16:38:46','29/07/2018 16:47:46','29/07/2018 16:54:46','CASHONDELIVERY',2,10,'address41',32,5,35);
INSERT INTO Orders (oid,order_placed,rider_depart_for_rest,rider_arrive_rest,rider_depart_for_delivery_location,order_delivered,payment_method,delivery_fee,total_cost,delivery_location,rider_id,rider_rating,cid) VALUES (33,'03/07/2018 16:46:34','03/07/2018 16:48:34','03/07/2018 16:55:34','03/07/2018 17:05:34','03/07/2018 17:13:34','CASHONDELIVERY',2,10,'address97',33,5,28);
INSERT INTO Orders (oid,order_placed,rider_depart_for_rest,rider_arrive_rest,rider_depart_for_delivery_location,order_delivered,payment_method,delivery_fee,total_cost,delivery_location,rider_id,rider_rating,cid) VALUES (34,'31/07/2018 18:35:34','31/07/2018 18:37:34','31/07/2018 18:45:34','31/07/2018 18:53:34','31/07/2018 19:00:34','CREDITCARD',2,10,'address60',34,3,41);
INSERT INTO Orders (oid,order_placed,rider_depart_for_rest,rider_arrive_rest,rider_depart_for_delivery_location,order_delivered,payment_method,delivery_fee,total_cost,delivery_location,rider_id,rider_rating,cid) VALUES (35,'16/07/2018 16:12:42','16/07/2018 16:12:42','16/07/2018 16:20:42','16/07/2018 16:31:42','16/07/2018 16:40:42','CASHONDELIVERY',2,10,'address15',35,4,32);
INSERT INTO Orders (oid,order_placed,rider_depart_for_rest,rider_arrive_rest,rider_depart_for_delivery_location,order_delivered,payment_method,delivery_fee,total_cost,delivery_location,rider_id,rider_rating,cid) VALUES (36,'16/07/2018 16:58:47','16/07/2018 16:59:47','16/07/2018 17:05:47','16/07/2018 17:18:47','16/07/2018 17:26:47','CREDITCARD',2,10,'address39',36,5,30);
INSERT INTO Orders (oid,order_placed,rider_depart_for_rest,rider_arrive_rest,rider_depart_for_delivery_location,order_delivered,payment_method,delivery_fee,total_cost,delivery_location,rider_id,rider_rating,cid) VALUES (37,'30/07/2018 16:10:07','30/07/2018 16:12:07','30/07/2018 16:22:07','30/07/2018 16:28:07','30/07/2018 16:38:07','CREDITCARD',2,10,'address5',37,5,38);
INSERT INTO Orders (oid,order_placed,rider_depart_for_rest,rider_arrive_rest,rider_depart_for_delivery_location,order_delivered,payment_method,delivery_fee,total_cost,delivery_location,rider_id,rider_rating,cid) VALUES (38,'05/07/2018 13:05:30','05/07/2018 13:07:30','05/07/2018 13:14:30','05/07/2018 13:21:30','05/07/2018 13:28:30','CREDITCARD',2,10,'address63',38,4,34);
INSERT INTO Orders (oid,order_placed,rider_depart_for_rest,rider_arrive_rest,rider_depart_for_delivery_location,order_delivered,payment_method,delivery_fee,total_cost,delivery_location,rider_id,rider_rating,cid) VALUES (39,'30/06/2018 16:19:35','30/06/2018 16:19:35','30/06/2018 16:28:35','30/06/2018 16:39:35','30/06/2018 16:45:35','CASHONDELIVERY',2,10,'address6',39,5,98);
INSERT INTO Orders (oid,order_placed,rider_depart_for_rest,rider_arrive_rest,rider_depart_for_delivery_location,order_delivered,payment_method,delivery_fee,total_cost,delivery_location,rider_id,rider_rating,cid) VALUES (40,'19/07/2018 12:08:12','19/07/2018 12:10:12','19/07/2018 12:16:12','19/07/2018 12:24:12','19/07/2018 12:33:12','CASHONDELIVERY',2,10,'address48',40,4,63);
INSERT INTO Orders (oid,order_placed,rider_depart_for_rest,rider_arrive_rest,rider_depart_for_delivery_location,order_delivered,payment_method,delivery_fee,total_cost,delivery_location,rider_id,rider_rating,cid) VALUES (41,'13/07/2018 10:26:38','13/07/2018 10:28:38','13/07/2018 10:37:38','13/07/2018 10:42:38','13/07/2018 10:48:38','CASHONDELIVERY',2,10,'address12',41,5,72);
INSERT INTO Orders (oid,order_placed,rider_depart_for_rest,rider_arrive_rest,rider_depart_for_delivery_location,order_delivered,payment_method,delivery_fee,total_cost,delivery_location,rider_id,rider_rating,cid) VALUES (42,'16/07/2018 14:30:07','16/07/2018 14:32:07','16/07/2018 14:37:07','16/07/2018 14:45:07','16/07/2018 14:50:07','CREDITCARD',2,10,'address84',42,4,40);
INSERT INTO Orders (oid,order_placed,rider_depart_for_rest,rider_arrive_rest,rider_depart_for_delivery_location,order_delivered,payment_method,delivery_fee,total_cost,delivery_location,rider_id,rider_rating,cid) VALUES (43,'18/07/2018 18:54:38','18/07/2018 18:54:38','18/07/2018 19:04:38','18/07/2018 19:11:38','18/07/2018 19:19:38','CREDITCARD',2,10,'address27',43,5,86);
INSERT INTO Orders (oid,order_placed,rider_depart_for_rest,rider_arrive_rest,rider_depart_for_delivery_location,order_delivered,payment_method,delivery_fee,total_cost,delivery_location,rider_id,rider_rating,cid) VALUES (44,'17/07/2018 14:32:19','17/07/2018 14:33:19','17/07/2018 14:38:19','17/07/2018 14:51:19','17/07/2018 14:56:19','CREDITCARD',2,10,'address21',44,4,57);
INSERT INTO Orders (oid,order_placed,rider_depart_for_rest,rider_arrive_rest,rider_depart_for_delivery_location,order_delivered,payment_method,delivery_fee,total_cost,delivery_location,rider_id,rider_rating,cid) VALUES (45,'30/07/2018 13:35:56','30/07/2018 13:37:56','30/07/2018 13:46:56','30/07/2018 13:53:56','30/07/2018 13:59:56','CREDITCARD',2,10,'address92',45,4,36);
INSERT INTO Orders (oid,order_placed,rider_depart_for_rest,rider_arrive_rest,rider_depart_for_delivery_location,order_delivered,payment_method,delivery_fee,total_cost,delivery_location,rider_id,rider_rating,cid) VALUES (46,'25/07/2018 18:58:35','25/07/2018 18:59:35','25/07/2018 19:05:35','25/07/2018 19:15:35','25/07/2018 19:24:35','CASHONDELIVERY',2,10,'address44',46,4,58);
INSERT INTO Orders (oid,order_placed,rider_depart_for_rest,rider_arrive_rest,rider_depart_for_delivery_location,order_delivered,payment_method,delivery_fee,total_cost,delivery_location,rider_id,rider_rating,cid) VALUES (47,'26/07/2018 14:33:04','26/07/2018 14:35:04','26/07/2018 14:43:04','26/07/2018 14:52:04','26/07/2018 14:58:04','CASHONDELIVERY',2,10,'address93',47,5,77);
INSERT INTO Orders (oid,order_placed,rider_depart_for_rest,rider_arrive_rest,rider_depart_for_delivery_location,order_delivered,payment_method,delivery_fee,total_cost,delivery_location,rider_id,rider_rating,cid) VALUES (48,'18/07/2018 17:00:08','18/07/2018 17:01:08','18/07/2018 17:06:08','18/07/2018 17:18:08','18/07/2018 17:24:08','CREDITCARD',2,10,'address23',48,4,68);
INSERT INTO Orders (oid,order_placed,rider_depart_for_rest,rider_arrive_rest,rider_depart_for_delivery_location,order_delivered,payment_method,delivery_fee,total_cost,delivery_location,rider_id,rider_rating,cid) VALUES (49,'04/07/2018 10:48:59','04/07/2018 10:50:59','04/07/2018 10:57:59','04/07/2018 11:05:59','04/07/2018 11:14:59','CASHONDELIVERY',2,10,'address29',49,5,7);
INSERT INTO Orders (oid,order_placed,rider_depart_for_rest,rider_arrive_rest,rider_depart_for_delivery_location,order_delivered,payment_method,delivery_fee,total_cost,delivery_location,rider_id,rider_rating,cid) VALUES (50,'31/07/2018 15:29:36','31/07/2018 15:31:36','31/07/2018 15:37:36','31/07/2018 15:44:36','31/07/2018 15:50:36','CREDITCARD',2,10,'address94',50,3,76);
INSERT INTO Orders (oid,order_placed,rider_depart_for_rest,rider_arrive_rest,rider_depart_for_delivery_location,order_delivered,payment_method,delivery_fee,total_cost,delivery_location,rider_id,rider_rating,cid) VALUES (51,'06/07/2018 18:01:33','06/07/2018 18:01:33','06/07/2018 18:11:33','06/07/2018 18:18:33','06/07/2018 18:27:33','CREDITCARD',2,10,'address29',51,4,93);
INSERT INTO Orders (oid,order_placed,rider_depart_for_rest,rider_arrive_rest,rider_depart_for_delivery_location,order_delivered,payment_method,delivery_fee,total_cost,delivery_location,rider_id,rider_rating,cid) VALUES (52,'06/07/2018 12:08:31','06/07/2018 12:09:31','06/07/2018 12:15:31','06/07/2018 12:28:31','06/07/2018 12:33:31','CREDITCARD',2,10,'address52',52,3,39);
INSERT INTO Orders (oid,order_placed,rider_depart_for_rest,rider_arrive_rest,rider_depart_for_delivery_location,order_delivered,payment_method,delivery_fee,total_cost,delivery_location,rider_id,rider_rating,cid) VALUES (53,'15/07/2018 16:15:29','15/07/2018 16:16:29','15/07/2018 16:26:29','15/07/2018 16:31:29','15/07/2018 16:36:29','CREDITCARD',2,10,'address37',53,5,88);
INSERT INTO Orders (oid,order_placed,rider_depart_for_rest,rider_arrive_rest,rider_depart_for_delivery_location,order_delivered,payment_method,delivery_fee,total_cost,delivery_location,rider_id,rider_rating,cid) VALUES (54,'07/07/2018 15:01:00','07/07/2018 15:02:00','07/07/2018 15:12:00','07/07/2018 15:16:00','07/07/2018 15:22:00','CASHONDELIVERY',2,10,'address51',54,4,50);
INSERT INTO Orders (oid,order_placed,rider_depart_for_rest,rider_arrive_rest,rider_depart_for_delivery_location,order_delivered,payment_method,delivery_fee,total_cost,delivery_location,rider_id,rider_rating,cid) VALUES (55,'11/07/2018 19:01:31','11/07/2018 19:03:31','11/07/2018 19:13:31','11/07/2018 19:20:31','11/07/2018 19:30:31','CREDITCARD',2,10,'address69',55,5,67);
INSERT INTO Orders (oid,order_placed,rider_depart_for_rest,rider_arrive_rest,rider_depart_for_delivery_location,order_delivered,payment_method,delivery_fee,total_cost,delivery_location,rider_id,rider_rating,cid) VALUES (56,'31/07/2018 17:15:02','31/07/2018 17:15:02','31/07/2018 17:22:02','31/07/2018 17:34:02','31/07/2018 17:41:02','CREDITCARD',2,10,'address43',56,3,65);
INSERT INTO Orders (oid,order_placed,rider_depart_for_rest,rider_arrive_rest,rider_depart_for_delivery_location,order_delivered,payment_method,delivery_fee,total_cost,delivery_location,rider_id,rider_rating,cid) VALUES (57,'25/07/2018 13:06:47','25/07/2018 13:07:47','25/07/2018 13:13:47','25/07/2018 13:22:47','25/07/2018 13:30:47','CASHONDELIVERY',2,10,'address71',57,5,27);
INSERT INTO Orders (oid,order_placed,rider_depart_for_rest,rider_arrive_rest,rider_depart_for_delivery_location,order_delivered,payment_method,delivery_fee,total_cost,delivery_location,rider_id,rider_rating,cid) VALUES (58,'01/07/2018 12:38:06','01/07/2018 12:38:06','01/07/2018 12:46:06','01/07/2018 12:58:06','01/07/2018 13:08:06','CREDITCARD',2,10,'address94',58,5,78);
INSERT INTO Orders (oid,order_placed,rider_depart_for_rest,rider_arrive_rest,rider_depart_for_delivery_location,order_delivered,payment_method,delivery_fee,total_cost,delivery_location,rider_id,rider_rating,cid) VALUES (59,'05/07/2018 12:09:54','05/07/2018 12:11:54','05/07/2018 12:19:54','05/07/2018 12:27:54','05/07/2018 12:32:54','CASHONDELIVERY',2,10,'address39',59,3,95);
INSERT INTO Orders (oid,order_placed,rider_depart_for_rest,rider_arrive_rest,rider_depart_for_delivery_location,order_delivered,payment_method,delivery_fee,total_cost,delivery_location,rider_id,rider_rating,cid) VALUES (60,'25/07/2018 16:46:34','25/07/2018 16:46:34','25/07/2018 16:56:34','25/07/2018 17:05:34','25/07/2018 17:12:34','CREDITCARD',2,10,'address69',60,4,3);
INSERT INTO Orders (oid,order_placed,rider_depart_for_rest,rider_arrive_rest,rider_depart_for_delivery_location,order_delivered,payment_method,delivery_fee,total_cost,delivery_location,rider_id,rider_rating,cid) VALUES (61,'15/07/2018 19:27:38','15/07/2018 19:27:38','15/07/2018 19:36:38','15/07/2018 19:47:38','15/07/2018 19:56:38','CASHONDELIVERY',2,10,'address45',61,3,48);
INSERT INTO Orders (oid,order_placed,rider_depart_for_rest,rider_arrive_rest,rider_depart_for_delivery_location,order_delivered,payment_method,delivery_fee,total_cost,delivery_location,rider_id,rider_rating,cid) VALUES (62,'02/07/2018 18:58:46','02/07/2018 18:59:46','02/07/2018 19:06:46','02/07/2018 19:15:46','02/07/2018 19:21:46','CREDITCARD',2,10,'address82',62,3,59);
INSERT INTO Orders (oid,order_placed,rider_depart_for_rest,rider_arrive_rest,rider_depart_for_delivery_location,order_delivered,payment_method,delivery_fee,total_cost,delivery_location,rider_id,rider_rating,cid) VALUES (63,'18/07/2018 18:43:52','18/07/2018 18:43:52','18/07/2018 18:49:52','18/07/2018 19:00:52','18/07/2018 19:06:52','CREDITCARD',2,10,'address73',63,4,85);
INSERT INTO Orders (oid,order_placed,rider_depart_for_rest,rider_arrive_rest,rider_depart_for_delivery_location,order_delivered,payment_method,delivery_fee,total_cost,delivery_location,rider_id,rider_rating,cid) VALUES (64,'27/07/2018 12:31:05','27/07/2018 12:33:05','27/07/2018 12:41:05','27/07/2018 12:49:05','27/07/2018 12:57:05','CREDITCARD',2,10,'address46',64,3,13);
INSERT INTO Orders (oid,order_placed,rider_depart_for_rest,rider_arrive_rest,rider_depart_for_delivery_location,order_delivered,payment_method,delivery_fee,total_cost,delivery_location,rider_id,rider_rating,cid) VALUES (65,'28/07/2018 17:08:44','28/07/2018 17:10:44','28/07/2018 17:20:44','28/07/2018 17:28:44','28/07/2018 17:38:44','CASHONDELIVERY',2,10,'address48',65,5,29);
INSERT INTO Orders (oid,order_placed,rider_depart_for_rest,rider_arrive_rest,rider_depart_for_delivery_location,order_delivered,payment_method,delivery_fee,total_cost,delivery_location,rider_id,rider_rating,cid) VALUES (66,'22/07/2018 13:56:23','22/07/2018 13:57:23','22/07/2018 14:05:23','22/07/2018 14:15:23','22/07/2018 14:21:23','CREDITCARD',2,10,'address58',66,5,79);
INSERT INTO Orders (oid,order_placed,rider_depart_for_rest,rider_arrive_rest,rider_depart_for_delivery_location,order_delivered,payment_method,delivery_fee,total_cost,delivery_location,rider_id,rider_rating,cid) VALUES (67,'22/07/2018 12:58:12','22/07/2018 12:59:12','22/07/2018 13:05:12','22/07/2018 13:16:12','22/07/2018 13:25:12','CREDITCARD',2,10,'address16',67,3,45);
INSERT INTO Orders (oid,order_placed,rider_depart_for_rest,rider_arrive_rest,rider_depart_for_delivery_location,order_delivered,payment_method,delivery_fee,total_cost,delivery_location,rider_id,rider_rating,cid) VALUES (68,'05/07/2018 17:31:47','05/07/2018 17:31:47','05/07/2018 17:37:47','05/07/2018 17:51:47','05/07/2018 18:00:47','CASHONDELIVERY',2,10,'address81',68,5,92);
INSERT INTO Orders (oid,order_placed,rider_depart_for_rest,rider_arrive_rest,rider_depart_for_delivery_location,order_delivered,payment_method,delivery_fee,total_cost,delivery_location,rider_id,rider_rating,cid) VALUES (69,'03/07/2018 16:17:48','03/07/2018 16:19:48','03/07/2018 16:29:48','03/07/2018 16:33:48','03/07/2018 16:41:48','CREDITCARD',2,10,'address19',69,3,64);
INSERT INTO Orders (oid,order_placed,rider_depart_for_rest,rider_arrive_rest,rider_depart_for_delivery_location,order_delivered,payment_method,delivery_fee,total_cost,delivery_location,rider_id,rider_rating,cid) VALUES (70,'20/07/2018 15:48:39','20/07/2018 15:48:39','20/07/2018 15:58:39','20/07/2018 16:05:39','20/07/2018 16:12:39','CASHONDELIVERY',2,10,'address21',70,3,31);
INSERT INTO Orders (oid,order_placed,rider_depart_for_rest,rider_arrive_rest,rider_depart_for_delivery_location,order_delivered,payment_method,delivery_fee,total_cost,delivery_location,rider_id,rider_rating,cid) VALUES (71,'01/07/2018 14:54:51','01/07/2018 14:56:51','01/07/2018 15:03:51','01/07/2018 15:09:51','01/07/2018 15:16:51','CASHONDELIVERY',2,10,'address77',71,3,43);
INSERT INTO Orders (oid,order_placed,rider_depart_for_rest,rider_arrive_rest,rider_depart_for_delivery_location,order_delivered,payment_method,delivery_fee,total_cost,delivery_location,rider_id,rider_rating,cid) VALUES (72,'18/07/2018 16:38:28','18/07/2018 16:39:28','18/07/2018 16:45:28','18/07/2018 16:53:28','18/07/2018 16:58:28','CASHONDELIVERY',2,10,'address84',72,3,4);
INSERT INTO Orders (oid,order_placed,rider_depart_for_rest,rider_arrive_rest,rider_depart_for_delivery_location,order_delivered,payment_method,delivery_fee,total_cost,delivery_location,rider_id,rider_rating,cid) VALUES (73,'02/07/2018 15:49:19','02/07/2018 15:49:19','02/07/2018 15:54:19','02/07/2018 16:09:19','02/07/2018 16:17:19','CREDITCARD',2,10,'address19',73,5,17);
INSERT INTO Orders (oid,order_placed,rider_depart_for_rest,rider_arrive_rest,rider_depart_for_delivery_location,order_delivered,payment_method,delivery_fee,total_cost,delivery_location,rider_id,rider_rating,cid) VALUES (74,'09/07/2018 14:59:10','09/07/2018 15:01:10','09/07/2018 15:06:10','09/07/2018 15:14:10','09/07/2018 15:19:10','CASHONDELIVERY',2,10,'address100',74,5,96);
INSERT INTO Orders (oid,order_placed,rider_depart_for_rest,rider_arrive_rest,rider_depart_for_delivery_location,order_delivered,payment_method,delivery_fee,total_cost,delivery_location,rider_id,rider_rating,cid) VALUES (75,'15/07/2018 11:12:50','15/07/2018 11:13:50','15/07/2018 11:18:50','15/07/2018 11:30:50','15/07/2018 11:39:50','CASHONDELIVERY',2,10,'address72',75,3,80);
INSERT INTO Orders (oid,order_placed,rider_depart_for_rest,rider_arrive_rest,rider_depart_for_delivery_location,order_delivered,payment_method,delivery_fee,total_cost,delivery_location,rider_id,rider_rating,cid) VALUES (76,'12/07/2018 14:26:48','12/07/2018 14:28:48','12/07/2018 14:36:48','12/07/2018 14:44:48','12/07/2018 14:52:48','CASHONDELIVERY',2,10,'address34',76,3,74);
INSERT INTO Orders (oid,order_placed,rider_depart_for_rest,rider_arrive_rest,rider_depart_for_delivery_location,order_delivered,payment_method,delivery_fee,total_cost,delivery_location,rider_id,rider_rating,cid) VALUES (77,'30/06/2018 13:29:27','30/06/2018 13:31:27','30/06/2018 13:36:27','30/06/2018 13:47:27','30/06/2018 13:57:27','CASHONDELIVERY',2,10,'address38',77,3,73);
INSERT INTO Orders (oid,order_placed,rider_depart_for_rest,rider_arrive_rest,rider_depart_for_delivery_location,order_delivered,payment_method,delivery_fee,total_cost,delivery_location,rider_id,rider_rating,cid) VALUES (78,'14/07/2018 13:54:45','14/07/2018 13:55:45','14/07/2018 14:01:45','14/07/2018 14:09:45','14/07/2018 14:18:45','CASHONDELIVERY',2,10,'address58',78,4,52);
INSERT INTO Orders (oid,order_placed,rider_depart_for_rest,rider_arrive_rest,rider_depart_for_delivery_location,order_delivered,payment_method,delivery_fee,total_cost,delivery_location,rider_id,rider_rating,cid) VALUES (79,'29/07/2018 13:21:53','29/07/2018 13:21:53','29/07/2018 13:30:53','29/07/2018 13:40:53','29/07/2018 13:48:53','CREDITCARD',2,10,'address24',79,5,54);
INSERT INTO Orders (oid,order_placed,rider_depart_for_rest,rider_arrive_rest,rider_depart_for_delivery_location,order_delivered,payment_method,delivery_fee,total_cost,delivery_location,rider_id,rider_rating,cid) VALUES (80,'29/07/2018 19:58:45','29/07/2018 20:00:45','29/07/2018 20:08:45','29/07/2018 20:16:45','29/07/2018 20:26:45','CREDITCARD',2,10,'address78',80,5,1);
INSERT INTO Orders (oid,order_placed,rider_depart_for_rest,rider_arrive_rest,rider_depart_for_delivery_location,order_delivered,payment_method,delivery_fee,total_cost,delivery_location,rider_id,rider_rating,cid) VALUES (81,'28/07/2018 12:09:29','28/07/2018 12:09:29','28/07/2018 12:15:29','28/07/2018 12:24:29','28/07/2018 12:34:29','CASHONDELIVERY',2,10,'address36',81,5,37);
INSERT INTO Orders (oid,order_placed,rider_depart_for_rest,rider_arrive_rest,rider_depart_for_delivery_location,order_delivered,payment_method,delivery_fee,total_cost,delivery_location,rider_id,rider_rating,cid) VALUES (82,'17/07/2018 17:00:17','17/07/2018 17:01:17','17/07/2018 17:07:17','17/07/2018 17:15:17','17/07/2018 17:23:17','CREDITCARD',2,10,'address8',82,3,23);
INSERT INTO Orders (oid,order_placed,rider_depart_for_rest,rider_arrive_rest,rider_depart_for_delivery_location,order_delivered,payment_method,delivery_fee,total_cost,delivery_location,rider_id,rider_rating,cid) VALUES (83,'23/07/2018 15:46:09','23/07/2018 15:46:09','23/07/2018 15:52:09','23/07/2018 16:03:09','23/07/2018 16:12:09','CASHONDELIVERY',2,10,'address83',83,3,24);
INSERT INTO Orders (oid,order_placed,rider_depart_for_rest,rider_arrive_rest,rider_depart_for_delivery_location,order_delivered,payment_method,delivery_fee,total_cost,delivery_location,rider_id,rider_rating,cid) VALUES (84,'16/07/2018 11:47:32','16/07/2018 11:49:32','16/07/2018 11:56:32','16/07/2018 12:03:32','16/07/2018 12:10:32','CASHONDELIVERY',2,10,'address98',84,5,8);
INSERT INTO Orders (oid,order_placed,rider_depart_for_rest,rider_arrive_rest,rider_depart_for_delivery_location,order_delivered,payment_method,delivery_fee,total_cost,delivery_location,rider_id,rider_rating,cid) VALUES (85,'28/07/2018 12:00:41','28/07/2018 12:01:41','28/07/2018 12:06:41','28/07/2018 12:16:41','28/07/2018 12:22:41','CASHONDELIVERY',2,10,'address1',85,4,70);
INSERT INTO Orders (oid,order_placed,rider_depart_for_rest,rider_arrive_rest,rider_depart_for_delivery_location,order_delivered,payment_method,delivery_fee,total_cost,delivery_location,rider_id,rider_rating,cid) VALUES (86,'29/07/2018 13:25:01','29/07/2018 13:27:01','29/07/2018 13:36:01','29/07/2018 13:45:01','29/07/2018 13:54:01','CREDITCARD',2,10,'address75',86,3,89);
INSERT INTO Orders (oid,order_placed,rider_depart_for_rest,rider_arrive_rest,rider_depart_for_delivery_location,order_delivered,payment_method,delivery_fee,total_cost,delivery_location,rider_id,rider_rating,cid) VALUES (87,'13/07/2018 10:13:17','13/07/2018 10:13:17','13/07/2018 10:19:17','13/07/2018 10:32:17','13/07/2018 10:39:17','CREDITCARD',2,10,'address4',87,3,82);
INSERT INTO Orders (oid,order_placed,rider_depart_for_rest,rider_arrive_rest,rider_depart_for_delivery_location,order_delivered,payment_method,delivery_fee,total_cost,delivery_location,rider_id,rider_rating,cid) VALUES (88,'28/07/2018 11:45:34','28/07/2018 11:45:34','28/07/2018 11:55:34','28/07/2018 12:05:34','28/07/2018 12:14:34','CREDITCARD',2,10,'address46',88,3,69);
INSERT INTO Orders (oid,order_placed,rider_depart_for_rest,rider_arrive_rest,rider_depart_for_delivery_location,order_delivered,payment_method,delivery_fee,total_cost,delivery_location,rider_id,rider_rating,cid) VALUES (89,'19/07/2018 19:34:04','19/07/2018 19:35:04','19/07/2018 19:44:04','19/07/2018 19:50:04','19/07/2018 19:58:04','CASHONDELIVERY',2,10,'address92',89,3,20);
INSERT INTO Orders (oid,order_placed,rider_depart_for_rest,rider_arrive_rest,rider_depart_for_delivery_location,order_delivered,payment_method,delivery_fee,total_cost,delivery_location,rider_id,rider_rating,cid) VALUES (90,'16/07/2018 18:57:41','16/07/2018 18:57:41','16/07/2018 19:07:41','16/07/2018 19:13:41','16/07/2018 19:19:41','CASHONDELIVERY',2,10,'address72',90,4,49);
INSERT INTO Orders (oid,order_placed,rider_depart_for_rest,rider_arrive_rest,rider_depart_for_delivery_location,order_delivered,payment_method,delivery_fee,total_cost,delivery_location,rider_id,rider_rating,cid) VALUES (91,'23/07/2018 13:52:00','23/07/2018 13:53:00','23/07/2018 14:00:00','23/07/2018 14:12:00','23/07/2018 14:19:00','CASHONDELIVERY',2,10,'address69',91,4,11);
INSERT INTO Orders (oid,order_placed,rider_depart_for_rest,rider_arrive_rest,rider_depart_for_delivery_location,order_delivered,payment_method,delivery_fee,total_cost,delivery_location,rider_id,rider_rating,cid) VALUES (92,'28/07/2018 13:32:01','28/07/2018 13:32:01','28/07/2018 13:41:01','28/07/2018 13:52:01','28/07/2018 14:00:01','CASHONDELIVERY',2,10,'address12',92,3,16);
INSERT INTO Orders (oid,order_placed,rider_depart_for_rest,rider_arrive_rest,rider_depart_for_delivery_location,order_delivered,payment_method,delivery_fee,total_cost,delivery_location,rider_id,rider_rating,cid) VALUES (93,'30/06/2018 10:55:36','30/06/2018 10:57:36','30/06/2018 11:03:36','30/06/2018 11:15:36','30/06/2018 11:22:36','CASHONDELIVERY',2,10,'address24',93,4,10);
INSERT INTO Orders (oid,order_placed,rider_depart_for_rest,rider_arrive_rest,rider_depart_for_delivery_location,order_delivered,payment_method,delivery_fee,total_cost,delivery_location,rider_id,rider_rating,cid) VALUES (94,'06/07/2018 19:33:02','06/07/2018 19:33:02','06/07/2018 19:39:02','06/07/2018 19:48:02','06/07/2018 19:53:02','CASHONDELIVERY',2,10,'address37',94,3,66);
INSERT INTO Orders (oid,order_placed,rider_depart_for_rest,rider_arrive_rest,rider_depart_for_delivery_location,order_delivered,payment_method,delivery_fee,total_cost,delivery_location,rider_id,rider_rating,cid) VALUES (95,'04/07/2018 12:40:35','04/07/2018 12:40:35','04/07/2018 12:46:35','04/07/2018 12:58:35','04/07/2018 13:06:35','CREDITCARD',2,10,'address3',95,3,94);
INSERT INTO Orders (oid,order_placed,rider_depart_for_rest,rider_arrive_rest,rider_depart_for_delivery_location,order_delivered,payment_method,delivery_fee,total_cost,delivery_location,rider_id,rider_rating,cid) VALUES (96,'11/07/2018 11:27:53','11/07/2018 11:28:53','11/07/2018 11:34:53','11/07/2018 11:46:53','11/07/2018 11:55:53','CREDITCARD',2,10,'address30',96,3,19);
INSERT INTO Orders (oid,order_placed,rider_depart_for_rest,rider_arrive_rest,rider_depart_for_delivery_location,order_delivered,payment_method,delivery_fee,total_cost,delivery_location,rider_id,rider_rating,cid) VALUES (97,'29/07/2018 15:46:15','29/07/2018 15:48:15','29/07/2018 15:53:15','29/07/2018 16:01:15','29/07/2018 16:07:15','CREDITCARD',2,10,'address11',97,5,62);
INSERT INTO Orders (oid,order_placed,rider_depart_for_rest,rider_arrive_rest,rider_depart_for_delivery_location,order_delivered,payment_method,delivery_fee,total_cost,delivery_location,rider_id,rider_rating,cid) VALUES (98,'22/07/2018 16:23:32','22/07/2018 16:25:32','22/07/2018 16:31:32','22/07/2018 16:43:32','22/07/2018 16:51:32','CASHONDELIVERY',2,10,'address82',98,5,47);
INSERT INTO Orders (oid,order_placed,rider_depart_for_rest,rider_arrive_rest,rider_depart_for_delivery_location,order_delivered,payment_method,delivery_fee,total_cost,delivery_location,rider_id,rider_rating,cid) VALUES (99,'21/07/2018 17:23:35','21/07/2018 17:23:35','21/07/2018 17:30:35','21/07/2018 17:41:35','21/07/2018 17:50:35','CASHONDELIVERY',2,10,'address74',99,5,99);
INSERT INTO Orders (oid,order_placed,rider_depart_for_rest,rider_arrive_rest,rider_depart_for_delivery_location,order_delivered,payment_method,delivery_fee,total_cost,delivery_location,rider_id,rider_rating,cid) VALUES (100,'08/07/2018 19:39:34','08/07/2018 19:39:34','08/07/2018 19:48:34','08/07/2018 19:56:34','08/07/2018 20:04:34','CASHONDELIVERY',2,10,'address35',100,4,46);








